Tiempo,Flexo-extensión hombro derecho,Abducción-aducción hombro derecho,Flexo-extensión codo derecho,Flexo-extensión muñeca derecha,Desviación radiocubital muñeca derecha
0.00000,-5.28127,80.93939,3.61287,3.47347,-5.11145
0.01000,-5.26772,80.90545,3.61616,3.49385,-5.10855
0.02000,-5.25503,80.86574,3.61718,3.51868,-5.10278
0.03000,-5.24446,80.82077,3.61533,3.54778,-5.09364
0.04000,-5.23737,80.77120,3.61014,3.58084,-5.08076
0.05000,-5.23509,80.71778,3.60139,3.61736,-5.06395
0.06000,-5.23887,80.66122,3.58914,3.65682,-5.04318
0.07000,-5.24975,80.60217,3.57373,3.69871,-5.01860
0.08000,-5.26852,80.54107,3.55575,3.74262,-4.99048
0.09000,-5.29565,80.47823,3.53600,3.78826,-4.95923
0.10000,-5.33124,80.41376,3.51535,3.83550,-4.92533
0.11000,-5.37504,80.34766,3.49472,3.88427,-4.88934
0.12000,-5.42645,80.27983,3.47490,3.93448,-4.85187
0.13000,-5.48458,80.21021,3.45652,3.98591,-4.81360
0.14000,-5.54832,80.13882,3.43993,4.03813,-4.77524
0.15000,-5.61644,80.06586,3.42520,4.09044,-4.73753
0.16000,-5.68771,79.99172,3.41209,4.14191,-4.70117
0.17000,-5.76097,79.91709,3.40012,4.19138,-4.66685
0.18000,-5.83523,79.84286,3.38864,4.23760,-4.63517
0.19000,-5.90969,79.77017,3.37690,4.27937,-4.60661
0.20000,-5.98379,79.70026,3.36423,4.31563,-4.58150
0.21000,-6.05719,79.63441,3.35009,4.34563,-4.56001
0.22000,-6.12973,79.57385,3.33414,4.36904,-4.54217
0.23000,-6.20138,79.51961,3.31633,4.38589,-4.52783
0.24000,-6.27218,79.47245,3.29684,4.39659,-4.51672
0.25000,-6.34217,79.43279,3.27608,4.40180,-4.50846
0.26000,-6.41134,79.40070,3.25468,4.40229,-4.50262
0.27000,-6.47954,79.37583,3.23337,4.39882,-4.49876
0.28000,-6.54652,79.35757,3.21298,4.39216,-4.49646
0.29000,-6.61186,79.34502,3.19437,4.38304,-4.49539
0.30000,-6.67508,79.33717,3.17840,4.37227,-4.49533
0.31000,-6.73559,79.33291,3.16587,4.36079,-4.49625
0.32000,-6.79281,79.33121,3.15752,4.34976,-4.49830
0.33000,-6.84619,79.33112,3.15394,4.34056,-4.50181
0.34000,-6.89521,79.33181,3.15550,4.33474,-4.50721
0.35000,-6.93945,79.33261,3.16236,4.33385,-4.51499
0.36000,-6.97858,79.33300,3.17438,4.33933,-4.52559
0.37000,-7.01241,79.33260,3.19112,4.35224,-4.53926
0.38000,-7.04090,79.33119,3.21190,4.37313,-4.55602
0.39000,-7.06421,79.32867,3.23583,4.40182,-4.57555
0.40000,-7.08268,79.32503,3.26190,4.43741,-4.59717
0.41000,-7.09684,79.32035,3.28912,4.47820,-4.61985
0.42000,-7.10739,79.31480,3.31660,4.52179,-4.64225
0.43000,-7.11516,79.30856,3.34365,4.56524,-4.66278
0.44000,-7.12108,79.30190,3.36990,4.60524,-4.67979
0.45000,-7.12615,79.29510,3.39528,4.63837,-4.69168
0.46000,-7.13140,79.28849,3.42006,4.66139,-4.69709
0.47000,-7.13787,79.28241,3.44478,4.67153,-4.69508
0.48000,-7.14655,79.27725,3.47020,4.66676,-4.68524
0.49000,-7.15837,79.27338,3.49720,4.64598,-4.66780
0.50000,-7.17414,79.27120,3.52667,4.60915,-4.64362
0.51000,-7.19446,79.27106,3.55941,4.55722,-4.61412
0.52000,-7.21974,79.27328,3.59599,4.49202,-4.58113
0.53000,-7.25008,79.27814,3.63662,4.41604,-4.54671
0.54000,-7.28528,79.28586,3.68110,4.33209,-4.51292
0.55000,-7.32486,79.29659,3.72876,4.24311,-4.48162
0.56000,-7.36806,79.31042,3.77841,4.15197,-4.45438
0.57000,-7.41396,79.32748,3.82841,4.06128,-4.43233
0.58000,-7.46149,79.34786,3.87681,3.97344,-4.41623
0.59000,-7.50960,79.37169,3.92142,3.89055,-4.40643
0.60000,-7.55727,79.39916,3.96006,3.81453,-4.40298
0.61000,-7.60358,79.43050,3.99073,3.74699,-4.40567
0.62000,-7.64777,79.46593,4.01178,3.68928,-4.41407
0.63000,-7.68919,79.50568,4.02205,3.64235,-4.42758
0.64000,-7.72738,79.54993,4.02100,3.60669,-4.44534
0.65000,-7.76198,79.59874,4.00873,3.58221,-4.46627
0.66000,-7.79281,79.65207,3.98596,3.56821,-4.48904
0.67000,-7.81977,79.70977,3.95401,3.56338,-4.51207
0.68000,-7.84291,79.77158,3.91462,3.56590,-4.53364
0.69000,-7.86239,79.83712,3.86987,3.57360,-4.55201
0.70000,-7.87851,79.90596,3.82199,3.58414,-4.56554
0.71000,-7.89167,79.97760,3.77318,3.59529,-4.57297
0.72000,-7.90238,80.05155,3.72547,3.60511,-4.57347
0.73000,-7.91118,80.12732,3.68057,3.61217,-4.56683
0.74000,-7.91860,80.20445,3.63982,3.61570,-4.55338
0.75000,-7.92505,80.28257,3.60401,3.61557,-4.53394
0.76000,-7.93076,80.36140,3.57344,3.61231,-4.50953
0.77000,-7.93570,80.44081,3.54781,3.60696,-4.48120
0.78000,-7.93956,80.52087,3.52626,3.60088,-4.44971
0.79000,-7.94177,80.60185,3.50737,3.59554,-4.41533
0.80000,-7.94151,80.68433,3.48922,3.59232,-4.37781
0.81000,-7.93785,80.76914,3.46947,3.59233,-4.33642
0.82000,-7.92981,80.85740,3.44557,3.59628,-4.29009
0.83000,-7.91648,80.95049,3.41485,3.60442,-4.23772
0.84000,-7.89716,81.04993,3.37476,3.61655,-4.17840
0.85000,-7.87140,81.15738,3.32304,3.63208,-4.11167
0.86000,-7.83909,81.27438,3.25791,3.65013,-4.03760
0.87000,-7.80048,81.40227,3.17820,3.66968,-3.95680
0.88000,-7.75614,81.54208,3.08344,3.68965,-3.87037
0.89000,-7.70691,81.69439,2.97397,3.70907,-3.77963
0.90000,-7.65385,81.85928,2.85090,3.72716,-3.68603
0.91000,-7.59813,82.03634,2.71614,3.74346,-3.59085
0.92000,-7.54090,82.22475,2.57222,3.75778,-3.49511
0.93000,-7.48322,82.42336,2.42217,3.77026,-3.39949
0.94000,-7.42591,82.63084,2.26934,3.78122,-3.30429
0.95000,-7.36954,82.84573,2.11711,3.79101,-3.20947
0.96000,-7.31434,83.06661,1.96870,3.79986,-3.11479
0.97000,-7.26023,83.29212,1.82688,3.80770,-3.01985
0.98000,-7.20684,83.52099,1.69380,3.81401,-2.92423
0.99000,-7.15347,83.75204,1.57083,3.81771,-2.82754
1.00000,-7.09919,83.98421,1.45845,3.81719,-2.72950
1.01000,-7.04283,84.21650,1.35623,3.81034,-2.62997
1.02000,-6.98303,84.44796,1.26297,3.79466,-2.52899
1.03000,-6.91838,84.67768,1.17679,3.76759,-2.42686
1.04000,-6.84746,84.90475,1.09542,3.72677,-2.32419
1.05000,-6.76903,85.12827,1.01644,3.67040,-2.22188
1.06000,-6.68212,85.34729,0.93756,3.59764,-2.12114
1.07000,-6.58609,85.56087,0.85690,3.50875,-2.02341
1.08000,-6.48070,85.76807,0.77320,3.40526,-1.93019
1.09000,-6.36609,85.96798,0.68592,3.28980,-1.84288
1.10000,-6.24276,86.15978,0.59534,3.16580,-1.76256
1.11000,-6.11148,86.34277,0.50245,3.03706,-1.68986
1.12000,-5.97324,86.51640,0.40884,2.90724,-1.62482
1.13000,-5.82919,86.68029,0.31651,2.77938,-1.56684
1.14000,-5.68059,86.83425,0.22767,2.65551,-1.51475
1.15000,-5.52872,86.97826,0.14448,2.53645,-1.46695
1.16000,-5.37485,87.11247,0.06891,2.42180,-1.42156
1.17000,-5.22018,87.23718,0.00257,2.31005,-1.37662
1.18000,-5.06577,87.35286,-0.05343,2.19891,-1.33035
1.19000,-4.91248,87.46010,-0.09856,2.08566,-1.28125
1.20000,-4.76092,87.55963,-0.13294,1.96757,-1.22820
1.21000,-4.61143,87.65234,-0.15742,1.84229,-1.17058
1.22000,-4.46410,87.73926,-0.17350,1.70820,-1.10818
1.23000,-4.31879,87.82150,-0.18334,1.56468,-1.04128
1.24000,-4.17521,87.90029,-0.18957,1.41221,-0.97051
1.25000,-4.03295,87.97686,-0.19507,1.25248,-0.89687
1.26000,-3.89157,88.05238,-0.20275,1.08822,-0.82156
1.27000,-3.75062,88.12787,-0.21529,0.92309,-0.74594
1.28000,-3.60966,88.20414,-0.23481,0.76140,-0.67139
1.29000,-3.46828,88.28173,-0.26276,0.60777,-0.59922
1.30000,-3.32610,88.36083,-0.29972,0.46683,-0.53059
1.31000,-3.18284,88.44138,-0.34536,0.34278,-0.46641
1.32000,-3.03834,88.52306,-0.39854,0.23914,-0.40734
1.33000,-2.89265,88.60539,-0.45737,0.15835,-0.35377
1.34000,-2.74608,88.68788,-0.51941,0.10157,-0.30582
1.35000,-2.59923,88.77012,-0.58189,0.06857,-0.26337
1.36000,-2.45298,88.85181,-0.64194,0.05764,-0.22611
1.37000,-2.30836,88.93284,-0.69676,0.06569,-0.19353
1.38000,-2.16650,89.01322,-0.74387,0.08852,-0.16497
1.39000,-2.02839,89.09307,-0.78125,0.12110,-0.13967
1.40000,-1.89478,89.17246,-0.80750,0.15798,-0.11682
1.41000,-1.76606,89.25140,-0.82192,0.19383,-0.09564
1.42000,-1.64225,89.32969,-0.82457,0.22384,-0.07546
1.43000,-1.52305,89.40697,-0.81623,0.24419,-0.05585
1.44000,-1.40792,89.48272,-0.79830,0.25236,-0.03664
1.45000,-1.29623,89.55630,-0.77262,0.24732,-0.01795
1.46000,-1.18743,89.62711,-0.74124,0.22953,-0.00018
1.47000,-1.08116,89.69466,-0.70627,0.20081,0.01608
1.48000,-0.97734,89.75867,-0.66963,0.16402,0.03021
1.49000,-0.87621,89.81908,-0.63292,0.12273,0.04166
1.50000,-0.77832,89.87605,-0.59738,0.08071,0.05003
1.51000,-0.68444,89.92987,-0.56382,0.04152,0.05517
1.52000,-0.59544,89.98088,-0.53268,0.00812,0.05719
1.53000,-0.51219,90.02930,-0.50405,-0.01742,0.05642
1.54000,-0.43543,90.07513,-0.47775,-0.03408,0.05342
1.55000,-0.36571,90.11810,-0.45341,-0.04186,0.04881
1.56000,-0.30329,90.15761,-0.43049,-0.04170,0.04329
1.57000,-0.24823,90.19281,-0.40833,-0.03520,0.03742
1.58000,-0.20034,90.22262,-0.38622,-0.02441,0.03169
1.59000,-0.15925,90.24586,-0.36342,-0.01147,0.02637
1.60000,-0.12445,90.26138,-0.33921,0.00165,0.02160
1.61000,-0.09536,90.26807,-0.31292,0.01342,0.01733
1.62000,-0.07130,90.26503,-0.28396,0.02294,0.01341
1.63000,-0.05156,90.25153,-0.25184,0.03009,0.00955
1.64000,-0.03540,90.22701,-0.21612,0.03555,0.00535
1.65000,-0.02203,90.19111,-0.17640,0.04072,0.00029
1.66000,-0.01066,90.14355,-0.13228,0.04759,-0.00626
1.67000,-0.00052,90.08417,-0.08335,0.05846,-0.01501
1.68000,0.00908,90.01282,-0.02915,0.07569,-0.02665
1.69000,0.01872,89.92944,0.03078,0.10136,-0.04182
1.70000,0.02877,89.83398,0.09688,0.13704,-0.06096
1.71000,0.03942,89.72648,0.16948,0.18355,-0.08431
1.72000,0.05056,89.60711,0.24874,0.24090,-0.11187
1.73000,0.06184,89.47616,0.33458,0.30819,-0.14339
1.74000,0.07265,89.33412,0.42657,0.38371,-0.17843
1.75000,0.08218,89.18172,0.52399,0.46500,-0.21643
1.76000,0.08946,89.01997,0.62577,0.54906,-0.25677
1.77000,0.09343,88.85013,0.73058,0.63252,-0.29880
1.78000,0.09302,88.67374,0.83692,0.71185,-0.34194
1.79000,0.08725,88.49258,0.94316,0.78355,-0.38564
1.80000,0.07524,88.30859,1.04771,0.84438,-0.42938
1.81000,0.05638,88.12383,1.14908,0.89149,-0.47271
1.82000,0.03024,87.94040,1.24595,0.92264,-0.51519
1.83000,-0.00333,87.76035,1.33719,0.93633,-0.55643
1.84000,-0.04429,87.58569,1.42191,0.93200,-0.59607
1.85000,-0.09240,87.41826,1.49937,0.91011,-0.63388
1.86000,-0.14727,87.25966,1.56903,0.87226,-0.66974
1.87000,-0.20834,87.11125,1.63049,0.82115,-0.70372
1.88000,-0.27488,86.97401,1.68350,0.76035,-0.73610
1.89000,-0.34597,86.84853,1.72795,0.69412,-0.76734
1.90000,-0.42046,86.73490,1.76390,0.62697,-0.79801
1.91000,-0.49706,86.63283,1.79161,0.56333,-0.82878
1.92000,-0.57432,86.54157,1.81151,0.50711,-0.86024
1.93000,-0.65072,86.46006,1.82425,0.46138,-0.89284
1.94000,-0.72472,86.38699,1.83072,0.42805,-0.92686
1.95000,-0.79488,86.32097,1.83201,0.40781,-0.96229
1.96000,-0.85991,86.26057,1.82936,0.40008,-0.99884
1.97000,-0.91879,86.20451,1.82416,0.40316,-1.03596
1.98000,-0.97080,86.15169,1.81780,0.41452,-1.07292
1.99000,-1.01560,86.10124,1.81162,0.43114,-1.10884
2.00000,-1.05318,86.05257,1.80682,0.44988,-1.14283
2.01000,-1.08388,86.00530,1.80442,0.46787,-1.17412
2.02000,-1.10824,85.95928,1.80519,0.48273,-1.20211
2.03000,-1.12694,85.91442,1.80960,0.49279,-1.22651
2.04000,-1.14072,85.87072,1.81783,0.49713,-1.24733
2.05000,-1.15024,85.82813,1.82977,0.49554,-1.26489
2.06000,-1.15606,85.78655,1.84504,0.48838,-1.27979
2.07000,-1.15855,85.74579,1.86300,0.47641,-1.29277
2.08000,-1.15793,85.70556,1.88289,0.46063,-1.30470
2.09000,-1.15427,85.66549,1.90389,0.44203,-1.31646
2.10000,-1.14755,85.62518,1.92519,0.42150,-1.32887
2.11000,-1.13772,85.58418,1.94614,0.39972,-1.34266
2.12000,-1.12478,85.54205,1.96631,0.37713,-1.35840
2.13000,-1.10883,85.49840,1.98553,0.35393,-1.37655
2.14000,-1.09015,85.45287,2.00393,0.33011,-1.39738
2.15000,-1.06924,85.40521,2.02186,0.30547,-1.42101
2.16000,-1.04679,85.35525,2.03989,0.27967,-1.44742
2.17000,-1.02370,85.30289,2.05871,0.25226,-1.47649
2.18000,-1.00100,85.24820,2.07901,0.22270,-1.50797
2.19000,-0.97983,85.19130,2.10144,0.19045,-1.54153
2.20000,-0.96130,85.13242,2.12654,0.15501,-1.57674
2.21000,-0.94645,85.07189,2.15463,0.11607,-1.61310
2.22000,-0.93616,85.01012,2.18584,0.07352,-1.65003
2.23000,-0.93110,84.94756,2.22007,0.02758,-1.68691
2.24000,-0.93164,84.88471,2.25701,-0.02127,-1.72313
2.25000,-0.93787,84.82207,2.29614,-0.07235,-1.75813
2.26000,-0.94961,84.76009,2.33675,-0.12479,-1.79146
2.27000,-0.96641,84.69923,2.37798,-0.17771,-1.82283
2.28000,-0.98762,84.63982,2.41886,-0.23026,-1.85217
2.29000,-1.01247,84.58209,2.45838,-0.28170,-1.87962
2.30000,-1.04006,84.52616,2.49554,-0.33141,-1.90555
2.31000,-1.06951,84.47200,2.52945,-0.37892,-1.93053
2.32000,-1.09992,84.41945,2.55936,-0.42390,-1.95520
2.33000,-1.13043,84.36823,2.58478,-0.46608,-1.98020
2.34000,-1.16027,84.31796,2.60545,-0.50521,-2.00602
2.35000,-1.18876,84.26823,2.62135,-0.54108,-2.03290
2.36000,-1.21535,84.21864,2.63270,-0.57342,-2.06080
2.37000,-1.23967,84.16885,2.63988,-0.60194,-2.08931
2.38000,-1.26154,84.11874,2.64341,-0.62638,-2.11778
2.39000,-1.28103,84.06834,2.64383,-0.64646,-2.14542
2.40000,-1.29847,84.01800,2.64171,-0.66195,-2.17142
2.41000,-1.31441,83.96825,2.63755,-0.67270,-2.19508
2.42000,-1.32956,83.91984,2.63180,-0.67866,-2.21598
2.43000,-1.34472,83.87359,2.62484,-0.67997,-2.23394
2.44000,-1.36069,83.83035,2.61699,-0.67691,-2.24907
2.45000,-1.37812,83.79085,2.60848,-0.66998,-2.26165
2.46000,-1.39748,83.75566,2.59953,-0.65980,-2.27206
2.47000,-1.41895,83.72511,2.59031,-0.64709,-2.28064
2.48000,-1.44244,83.69924,2.58098,-0.63256,-2.28768
2.49000,-1.46755,83.67786,2.57173,-0.61689,-2.29333
2.50000,-1.49364,83.66048,2.56280,-0.60065,-2.29762
2.51000,-1.51991,83.64647,2.55442,-0.58431,-2.30054
2.52000,-1.54548,83.63505,2.54686,-0.56823,-2.30205
2.53000,-1.56948,83.62541,2.54033,-0.55267,-2.30216
2.54000,-1.59117,83.61678,2.53501,-0.53784,-2.30101
2.55000,-1.60999,83.60844,2.53103,-0.52391,-2.29882
2.56000,-1.62558,83.59987,2.52843,-0.51106,-2.29593
2.57000,-1.63783,83.59058,2.52723,-0.49947,-2.29271
2.58000,-1.64684,83.58025,2.52740,-0.48932,-2.28952
2.59000,-1.65286,83.56864,2.52892,-0.48079,-2.28665
2.60000,-1.65629,83.55553,2.53180,-0.47407,-2.28428
2.61000,-1.65762,83.54074,2.53609,-0.46939,-2.28251
2.62000,-1.65736,83.52410,2.54190,-0.46707,-2.28132
2.63000,-1.65606,83.50549,2.54936,-0.46751,-2.28060
2.64000,-1.65425,83.48478,2.55862,-0.47125,-2.28018
2.65000,-1.65247,83.46197,2.56980,-0.47894,-2.27987
2.66000,-1.65127,83.43713,2.58301,-0.49127,-2.27947
2.67000,-1.65118,83.41048,2.59836,-0.50887,-2.27889
2.68000,-1.65273,83.38239,2.61593,-0.53219,-2.27814
2.69000,-1.65643,83.35333,2.63583,-0.56138,-2.27745
2.70000,-1.66276,83.32392,2.65815,-0.59612,-2.27718
2.71000,-1.67210,83.29482,2.68302,-0.63556,-2.27781
2.72000,-1.68472,83.26677,2.71050,-0.67828,-2.27990
2.73000,-1.70079,83.24049,2.74066,-0.72234,-2.28390
2.74000,-1.72030,83.21668,2.77350,-0.76539,-2.29011
2.75000,-1.74315,83.19601,2.80895,-0.80481,-2.29859
2.76000,-1.76908,83.17904,2.84691,-0.83793,-2.30913
2.77000,-1.79773,83.16624,2.88718,-0.86222,-2.32122
2.78000,-1.82866,83.15794,2.92954,-0.87562,-2.33414
2.79000,-1.86131,83.15431,2.97369,-0.87677,-2.34697
2.80000,-1.89499,83.15536,3.01925,-0.86525,-2.35863
2.81000,-1.92889,83.16090,3.06572,-0.84185,-2.36797
2.82000,-1.96202,83.17056,3.11245,-0.80873,-2.37378
2.83000,-1.99323,83.18380,3.15857,-0.76941,-2.37481
2.84000,-2.02118,83.19999,3.20299,-0.72869,-2.36989
2.85000,-2.04438,83.21841,3.24438,-0.69239,-2.35796
2.86000,-2.06130,83.23830,3.28123,-0.66690,-2.33821
2.87000,-2.07048,83.25893,3.31194,-0.65861,-2.31026
2.88000,-2.07074,83.27962,3.33504,-0.67320,-2.27432
2.89000,-2.06138,83.29973,3.34936,-0.71490,-2.23147
2.90000,-2.04248,83.31876,3.35447,-0.78569,-2.18386
2.91000,-2.01520,83.33636,3.35100,-0.88473,-2.13494
2.92000,-1.98208,83.35235,3.34111,-1.00776,-2.08968
2.93000,-1.94732,83.36684,3.32894,-1.14669,-2.05455
2.94000,-1.91704,83.38029,3.32109,-1.28935,-2.03758
2.95000,-1.89939,83.39359,3.32700,-1.41930,-2.04807
2.96000,-1.90453,83.40813,3.35929,-1.51579,-2.09625
2.97000,-1.94443,83.42584,3.43393,-1.55398,-2.19267
2.98000,-2.03244,83.44917,3.57009,-1.50531,-2.34738
2.99000,-2.18266,83.48093,3.78975,-1.33829,-2.56887
3.00000,-2.40905,83.52423,4.11695,-1.01973,-2.86289
3.01000,-2.72454,83.58208,4.57665,-0.51633,-3.23112
3.02000,-3.13999,83.65723,5.19331,0.20331,-3.66998
3.03000,-3.66330,83.75188,5.98923,1.16631,-4.16956
3.04000,-4.29878,83.86741,6.98292,2.39304,-4.71305
3.05000,-5.04673,84.00438,8.18756,3.89479,-5.27673
3.06000,-5.90341,84.16239,9.60973,5.67189,-5.83071
3.07000,-6.86124,84.34016,11.24879,7.71240,-6.34053
3.08000,-7.90941,84.53548,13.09673,9.99196,-6.76962
3.09000,-9.03459,84.74535,15.13880,12.47443,-7.08238
3.10000,-10.22191,84.96588,17.35471,15.11373,-7.24766
3.11000,-11.45592,85.19253,19.72035,17.85655,-7.24226
3.12000,-12.72145,85.42016,22.20979,20.64567,-7.05378
3.13000,-14.00435,85.64338,24.79730,23.42375,-6.68262
3.14000,-15.29193,85.85683,27.45909,26.13712,-6.14254
3.15000,-16.57323,86.05565,30.17463,28.73915,-5.45965
3.16000,-17.83900,86.23579,32.92716,31.19312,-4.66991
3.17000,-19.08171,86.39440,35.70365,33.47394,-3.81545
3.18000,-20.29544,86.52995,38.49401,35.56881,-2.94020
3.19000,-21.47588,86.64240,41.29002,37.47671,-2.08557
3.20000,-22.62042,86.73317,44.08398,39.20685,-1.28655
3.21000,-23.72833,86.80516,46.86767,40.77630,-0.56894
3.22000,-24.80087,86.86275,49.63145,42.20719,0.05211
3.23000,-25.84126,86.91165,52.36398,43.52377,0.57219
3.24000,-26.85429,86.95868,55.05224,44.74964,0.99651
3.25000,-27.84551,87.01126,57.68209,45.90539,1.33773
3.26000,-28.82029,87.07678,60.23896,47.00674,1.61323
3.27000,-29.78282,87.16183,62.70873,48.06315,1.84210
3.28000,-30.73542,87.27155,65.07866,49.07700,2.04218
3.29000,-31.67827,87.40923,67.33815,50.04331,2.22768
3.30000,-32.60977,87.57632,69.47943,50.95006,2.40742
3.31000,-33.52713,87.77268,71.49797,51.77921,2.58396
3.32000,-34.42740,87.99715,73.39268,52.50840,2.75368
3.33000,-35.30829,88.24792,75.16579,53.11327,2.90754
3.34000,-36.16887,88.52301,76.82269,53.57008,3.03249
3.35000,-37.00985,88.82040,78.37138,53.85825,3.11316
3.36000,-37.83352,89.13804,79.82198,53.96265,3.13362
3.37000,-38.64337,89.47376,81.18611,53.87501,3.07889
3.38000,-39.44355,89.82510,82.47618,53.59443,2.93606
3.39000,-40.23822,90.18915,83.70475,53.12691,2.69495
3.40000,-41.03098,90.56257,84.88383,52.48416,2.34834
3.41000,-41.82435,90.94154,86.02431,51.68167,1.89190
3.42000,-42.61944,91.32190,87.13541,50.73676,1.32409
3.43000,-43.41585,91.69928,88.22430,49.66642,0.64605
3.44000,-44.21166,92.06930,89.29591,48.48554,-0.13834
3.45000,-45.00368,92.42773,90.35283,47.20546,-1.02228
3.46000,-45.78772,92.77071,91.39536,45.83317,-1.99579
3.47000,-46.55897,93.09494,92.42175,44.37126,-3.04553
3.48000,-47.31232,93.39786,93.42859,42.81884,-4.15488
3.49000,-48.04268,93.67775,94.41113,41.17344,-5.30440
3.50000,-48.74515,93.93382,95.36378,39.43376,-6.47257
3.51000,-49.41521,94.16611,96.28049,37.60302,-7.63692
3.52000,-50.04868,94.37540,97.15501,35.69230,-8.77502
3.53000,-50.64177,94.56304,97.98096,33.72325,-9.86524
3.54000,-51.19091,94.73062,98.75189,31.72931,-10.88721
3.55000,-51.69275,94.87980,99.46107,29.75479,-11.82185
3.56000,-52.14410,95.01206,100.10135,27.85181,-12.65132
3.57000,-52.54196,95.12863,100.66503,26.07532,-13.35925
3.58000,-52.88374,95.23041,101.14389,24.47690,-13.93149
3.59000,-53.16743,95.31815,101.52958,23.09864,-14.35744
3.60000,-53.39208,95.39268,101.81437,21.96792,-14.63161
3.61000,-53.55813,95.45518,101.99218,21.09419,-14.75488
3.62000,-53.66782,95.50738,102.05976,20.46844,-14.73514
3.63000,-53.72536,95.55162,102.01770,20.06532,-14.58695
3.64000,-53.73684,95.59062,101.87123,19.84762,-14.33068
3.65000,-53.70984,95.62717,101.63053,19.77227,-13.99127
3.66000,-53.65269,95.66373,101.31051,19.79646,-13.59685
3.67000,-53.57371,95.70191,100.93010,19.88288,-13.17736
3.68000,-53.48029,95.74226,100.51098,20.00317,-12.76289
3.69000,-53.37824,95.78397,100.07587,20.13906,-12.38193
3.70000,-53.27139,95.82492,99.64651,20.28166,-12.05945
3.71000,-53.16160,95.86188,99.24164,20.42941,-11.81514
3.72000,-53.04920,95.89095,98.87509,20.58531,-11.66198
3.73000,-52.93361,95.90816,98.55461,20.75433,-11.60564
3.74000,-52.81423,95.91010,98.28127,20.94118,-11.64455
3.75000,-52.69122,95.89449,98.04987,21.14879,-11.77071
3.76000,-52.56606,95.86065,97.84997,21.37752,-11.97110
3.77000,-52.44184,95.80965,97.66762,21.62501,-12.22934
3.78000,-52.32312,95.74429,97.48740,21.88689,-12.52753
3.79000,-52.21546,95.66872,97.29446,22.15773,-12.84801
3.80000,-52.12481,95.58804,97.07627,22.43235,-13.17477
3.81000,-52.05667,95.50765,96.82390,22.70675,-13.49454
3.82000,-52.01533,95.43266,96.53262,22.97870,-13.79740
3.83000,-52.00317,95.36735,96.20185,23.24780,-14.07687
3.84000,-52.02031,95.31477,95.83446,23.51523,-14.32970
3.85000,-52.06451,95.27656,95.43575,23.78326,-14.55540
3.86000,-52.13137,95.25298,95.01228,24.05471,-14.75557
3.87000,-52.21480,95.24306,94.57069,24.33240,-14.93319
3.88000,-52.30763,95.24487,94.11682,24.61879,-15.09200
3.89000,-52.40223,95.25588,93.65510,24.91567,-15.23603
3.90000,-52.49110,95.27325,93.18818,25.22415,-15.36918
3.91000,-52.56733,95.29411,92.71697,25.54468,-15.49510
3.92000,-52.62488,95.31578,92.24084,25.87724,-15.61707
3.93000,-52.65881,95.33580,91.75789,26.22151,-15.73797
3.94000,-52.66532,95.35209,91.26540,26.57712,-15.86028
3.95000,-52.64178,95.36288,90.76025,26.94370,-15.98604
3.96000,-52.58666,95.36678,90.23932,27.32094,-16.11679
3.97000,-52.49949,95.36272,89.69985,27.70852,-16.25349
3.98000,-52.38076,95.34996,89.13981,28.10608,-16.39649
3.99000,-52.23171,95.32803,88.55810,28.51314,-16.54547
4.00000,-52.05411,95.29668,87.95473,28.92911,-16.69949
4.01000,-51.84995,95.25573,87.33096,29.35331,-16.85712
4.02000,-51.62112,95.20512,86.68912,29.78511,-17.01657
4.03000,-51.36906,95.14474,86.03247,30.22394,-17.17599
4.04000,-51.09464,95.07449,85.36480,30.66945,-17.33370
4.05000,-50.79796,94.99419,84.68984,31.12162,-17.48838
4.06000,-50.47840,94.90369,84.01065,31.58098,-17.63907
4.07000,-50.13472,94.80287,83.32899,32.04868,-17.78512
4.08000,-49.76522,94.69174,82.64497,32.52667,-17.92605
4.09000,-49.36792,94.57051,81.95705,33.01755,-18.06147
4.10000,-48.94085,94.43973,81.26234,33.52451,-18.19102
4.11000,-48.48218,94.30032,80.55710,34.05108,-18.31440
4.12000,-47.99031,94.15375,79.83736,34.60086,-18.43133
4.13000,-47.46396,94.00195,79.09963,35.17727,-18.54167
4.14000,-46.90212,93.84735,78.34126,35.78321,-18.64536
4.15000,-46.30405,93.69280,77.56077,36.42097,-18.74248
4.16000,-45.66924,93.54139,76.75771,37.09221,-18.83321
4.17000,-44.99749,93.39634,75.93236,37.79806,-18.91771
4.18000,-44.28898,93.26089,75.08515,38.53939,-18.99604
4.19000,-43.54438,93.13826,74.21611,39.31700,-19.06799
4.20000,-42.76500,93.03154,73.32434,40.13165,-19.13299
4.21000,-41.95291,92.94376,72.40781,40.98396,-19.19011
4.22000,-41.11093,92.87783,71.46333,41.87402,-19.23811
4.23000,-40.24261,92.83652,70.48690,42.80107,-19.27546
4.24000,-39.35222,92.82233,69.47414,43.76320,-19.30052
4.25000,-38.44457,92.83746,68.42096,44.75720,-19.31155
4.26000,-37.52504,92.88363,67.32419,45.77873,-19.30687
4.27000,-36.59945,92.96199,66.18219,46.82269,-19.28485
4.28000,-35.67404,93.07304,64.99538,47.88365,-19.24400
4.29000,-34.75525,93.21655,63.76662,48.95636,-19.18297
4.30000,-33.84919,93.39157,62.50135,50.03610,-19.10052
4.31000,-32.96096,93.59649,61.20753,51.11889,-18.99556
4.32000,-32.09367,93.82922,59.89528,52.20154,-18.86703
4.33000,-31.24773,94.08736,58.57623,53.28156,-18.71391
4.34000,-30.42054,94.36848,57.26259,54.35699,-18.53507
4.35000,-29.60651,94.67034,55.96608,55.42621,-18.32923
4.36000,-28.79750,94.99118,54.69687,56.48766,-18.09488
4.37000,-27.98348,95.32980,53.46259,57.53944,-17.83033
4.38000,-27.15331,95.68562,52.26765,58.57891,-17.53381
4.39000,-26.29572,96.05865,51.11281,59.60203,-17.20366
4.40000,-25.40023,96.44924,49.99516,60.60277,-16.83861
4.41000,-24.45819,96.85782,48.90833,61.57250,-16.43795
4.42000,-23.46374,97.28453,47.84313,62.49966,-16.00166
4.43000,-22.41465,97.72873,46.78834,63.36972,-15.53047
4.44000,-21.31314,98.18850,45.73186,64.16573,-15.02576
4.45000,-20.16649,98.66010,44.66209,64.86913,-14.48934
4.46000,-18.98735,99.13740,43.56943,65.46109,-13.92318
4.47000,-17.79384,99.61144,42.44806,65.92390,-13.32917
4.48000,-16.60925,100.07027,41.29747,66.24261,-12.70891
4.49000,-15.46131,100.49907,40.12397,66.40654,-12.06378
4.50000,-14.38080,100.88086,38.94166,66.41050,-11.39532
4.51000,-13.39971,101.19778,37.77304,66.25568,-10.70592
4.52000,-12.54891,101.43282,36.64882,65.95008,-9.99976
4.53000,-11.85564,101.57168,35.60699,65.50836,-9.28371
4.54000,-11.34115,101.60454,34.69093,64.95142,-8.56800
4.55000,-11.01893,101.52740,33.94664,64.30546,-7.86639
4.56000,-10.89364,101.34254,33.41939,63.60067,-7.19573
4.57000,-10.96109,101.05819,33.15017,62.86961,-6.57495
4.58000,-11.20905,100.68745,33.17228,62.14495,-6.02371
4.59000,-11.61868,100.24664,33.50854,61.45717,-5.56064
4.60000,-12.16644,99.75357,34.16922,60.83185,-5.20172
4.61000,-12.82607,99.22600,35.15089,60.28747,-4.95855
4.62000,-13.57040,98.68044,36.43643,59.83360,-4.83716
4.63000,-14.37299,98.13147,37.99608,59.47023,-4.83743
4.64000,-15.20950,97.59146,39.78954,59.18825,-4.95322
4.65000,-16.05880,97.07062,41.76879,58.97096,-5.17337
4.66000,-16.90391,96.57713,43.88130,58.79661,-5.48315
4.67000,-17.73266,96.11741,46.07338,58.64127,-5.86590
4.68000,-18.53805,95.69629,48.29328,58.48174,-6.30467
4.69000,-19.31830,95.31712,50.49408,58.29795,-6.78360
4.70000,-20.07642,94.98186,52.63591,58.07468,-7.28904
4.71000,-20.81955,94.69115,54.68779,57.80241,-7.81025
4.72000,-21.55790,94.44438,56.62857,57.47733,-8.33982
4.73000,-22.30354,94.23970,58.44737,57.10058,-8.87360
4.74000,-23.06896,94.07418,60.14312,56.67711,-9.41027
4.75000,-23.86581,93.94394,61.72352,56.21424,-9.95063
4.76000,-24.70365,93.84435,63.20332,55.72035,-10.49664
4.77000,-25.58900,93.77024,64.60219,55.20373,-11.05033
4.78000,-26.52470,93.71628,65.94244,54.67181,-11.61289
4.79000,-27.50964,93.67727,67.24676,54.13069,-12.18386
4.80000,-28.53873,93.64858,68.53638,53.58478,-12.76085
4.81000,-29.60344,93.62654,69.82969,53.03678,-13.33953
4.82000,-30.69270,93.60868,71.14141,52.48766,-13.91403
4.83000,-31.79433,93.59388,72.48218,51.93690,-14.47753
4.84000,-32.89673,93.58226,73.85854,51.38277,-15.02309
4.85000,-33.99033,93.57502,75.27325,50.82285,-15.54444
4.86000,-35.06864,93.57407,76.72581,50.25444,-16.03692
4.87000,-36.12877,93.58177,78.21302,49.67499,-16.49827
4.88000,-37.17144,93.60061,79.72975,49.08239,-16.92904
4.89000,-38.20060,93.63299,81.26944,48.47506,-17.33265
4.90000,-39.22265,93.68098,82.82455,47.85205,-17.71486
4.91000,-40.24532,93.74601,84.38680,47.21293,-18.08278
4.92000,-41.27641,93.82851,85.94727,46.55783,-18.44381
4.93000,-42.32234,93.92750,87.49638,45.88738,-18.80443
4.94000,-43.38672,94.04007,89.02387,45.20271,-19.16938
4.95000,-44.46914,94.16113,90.51894,44.50533,-19.54114
4.96000,-45.56412,94.28320,91.97041,43.79702,-19.91986
4.97000,-46.66056,94.39656,93.36691,43.07958,-20.30355
4.98000,-47.74163,94.48967,94.69721,42.35463,-20.68854
4.99000,-48.78514,94.54986,95.95011,41.62343,-21.06997
5.00000,-49.76453,94.56424,97.11433,40.88694,-21.44227
5.01000,-50.65034,94.52079,98.17806,40.14593,-21.79962
5.02000,-51.41212,94.40940,99.12846,39.40145,-22.13639
5.03000,-52.02082,94.22291,99.95100,38.65542,-22.44770
5.04000,-52.45143,93.95801,100.62924,37.91134,-22.73001
5.05000,-52.68573,93.61601,101.14462,37.17500,-22.98178
5.06000,-52.71489,93.20336,101.47691,36.45492,-23.20413
5.07000,-52.54163,92.73194,101.60501,35.76267,-23.40122
5.08000,-52.18160,92.21893,101.50798,35.11293,-23.58027
5.09000,-51.66373,91.68613,101.16626,34.52340,-23.75098
5.10000,-51.02921,91.15879,100.56292,34.01450,-23.92431
5.11000,-50.32904,90.66360,99.68486,33.60877,-24.11073
5.12000,-49.62012,90.22643,98.52417,33.32985,-24.31824
5.13000,-48.96014,89.86974,97.07951,33.20098,-24.55059
5.14000,-48.40191,89.61017,95.35750,33.24312,-24.80603
5.15000,-47.98770,89.45662,93.37415,33.47262,-25.07688
5.16000,-47.74462,89.40936,91.15577,33.89877,-25.35012
5.17000,-47.68161,89.46004,88.73935,34.52147,-25.60873
5.18000,-47.78862,89.59284,86.17191,35.32944,-25.83373
5.19000,-48.03800,89.78635,83.50882,36.29987,-26.00642
5.20000,-48.38777,90.01576,80.81074,37.39956,-26.11046
5.21000,-48.78621,90.25520,78.13972,38.58797,-26.13349
5.22000,-49.17722,90.47982,75.55461,39.82150,-26.06800
5.23000,-49.50573,90.66764,73.10652,41.05839,-25.91162
5.24000,-49.72266,90.80095,70.83500,42.26322,-25.66695
5.25000,-49.78897,90.86736,68.76540,43.41028,-25.34093
5.26000,-49.67834,90.86043,66.90772,44.48538,-24.94400
5.27000,-49.37845,90.77979,65.25697,45.48577,-24.48902
5.28000,-48.89083,90.63093,63.79478,46.41866,-23.99014
5.29000,-48.22933,90.42448,62.49213,47.29868,-23.46165
5.30000,-47.41765,90.17526,61.31250,48.14494,-22.91696
5.31000,-46.48611,89.90088,60.21532,48.97815,-22.36772
5.32000,-45.46815,89.62034,59.15921,49.81832,-21.82318
5.33000,-44.39684,89.35250,58.10486,50.68304,-21.28983
5.34000,-43.30193,89.11478,57.01742,51.58638,-20.77125
5.35000,-42.20750,88.92204,55.86839,52.53835,-20.26830
5.36000,-41.13047,88.78587,54.63698,53.54464,-19.77948
5.37000,-40.08007,88.71429,53.31095,54.60654,-19.30137
5.38000,-39.05814,88.71165,51.88694,55.72101,-18.82909
5.39000,-38.06016,88.77892,50.37020,56.88075,-18.35669
5.40000,-37.07685,88.91407,48.77379,58.07452,-17.87741
5.41000,-36.09599,89.11246,47.11729,59.28753,-17.38383
5.42000,-35.10434,89.36736,45.42497,60.50209,-16.86802
5.43000,-34.08960,89.67030,43.72371,61.69835,-16.32155
5.44000,-33.04208,90.01145,42.04073,62.85518,-15.73571
5.45000,-31.95638,90.38005,40.40147,63.95105,-15.10175
5.46000,-30.83273,90.76472,38.82778,64.96490,-14.41140
5.47000,-29.67797,91.15397,37.33691,65.87685,-13.65767
5.48000,-28.50612,91.53655,35.94120,66.66881,-12.83593
5.49000,-27.33831,91.90204,34.64872,67.32532,-11.94506
5.50000,-26.20199,92.24123,33.46460,67.83448,-10.98861
5.51000,-25.12929,92.54672,32.39285,68.18938,-9.97569
5.52000,-24.15462,92.81336,31.43861,68.38965,-8.92171
5.53000,-23.31170,93.03858,30.61021,68.44321,-7.84844
5.54000,-22.63024,93.22236,29.92085,68.36749,-6.78361
5.55000,-22.13284,93.36685,29.38936,68.18968,-5.75978
5.56000,-21.83239,93.47560,29.03991,67.94529,-4.81244
5.57000,-21.73050,93.55261,28.90063,67.67479,-3.97757
5.58000,-21.81722,93.60148,29.00139,67.41873,-3.28885
5.59000,-22.07214,93.62484,29.37103,67.21211,-2.77475
5.60000,-22.46684,93.62415,30.03448,67.07928,-2.45622
5.61000,-22.96820,93.59998,31.01001,67.03020,-2.34504
5.62000,-23.54207,93.55254,32.30693,67.05879,-2.44326
5.63000,-24.15671,93.48246,33.92420,67.14334,-2.74358
5.64000,-24.78566,93.39143,35.85000,67.24882,-3.23052
5.65000,-25.40956,93.28280,38.06243,67.33081,-3.88220
5.66000,-26.01699,93.16182,40.53120,67.34048,-4.67230
5.67000,-26.60425,93.03561,43.21993,67.22985,-5.57218
5.68000,-27.17452,92.91274,46.08892,66.95666,-6.55288
5.69000,-27.73647,92.80266,49.09790,66.48811,-7.58689
5.70000,-28.30273,92.71484,52.20861,65.80317,-8.64959
5.71000,-28.88835,92.65805,55.38701,64.89308,-9.72021
5.72000,-29.50943,92.63951,58.60497,63.76060,-10.78235
5.73000,-30.18184,92.66430,61.84137,62.41806,-11.82399
5.74000,-30.92014,92.73475,65.08262,60.88495,-12.83728
5.75000,-31.73672,92.85011,68.32244,59.18538,-13.81792
5.76000,-32.64109,93.00640,71.56095,57.34587,-14.76441
5.77000,-33.63943,93.19650,74.80310,55.39391,-15.67714
5.78000,-34.73420,93.41063,78.05638,53.35719,-16.55736
5.79000,-35.92388,93.63706,81.32811,51.26372,-17.40623
5.80000,-37.20293,93.86308,84.62230,49.14245,-18.22411
5.81000,-38.56186,94.07617,87.93655,47.02408,-19.01017
5.82000,-39.98738,94.26517,91.25937,44.94160,-19.76227
5.83000,-41.46258,94.42136,94.56831,42.93027,-20.47709
5.84000,-42.96692,94.53925,97.82930,41.02671,-21.15043
5.85000,-44.47598,94.61678,100.99754,39.26738,-21.77745
5.86000,-45.96119,94.65488,104.01986,37.68630,-22.35300
5.87000,-47.38945,94.65649,106.83833,36.31246,-22.87181
5.88000,-48.72318,94.62497,109.39455,35.16719,-23.32879
5.89000,-49.92091,94.56274,111.63403,34.26188,-23.71959
5.90000,-50.93907,94.47015,113.50986,33.59641,-24.04128
5.91000,-51.73473,94.34508,114.98564,33.15857,-24.29340
5.92000,-52.26954,94.18353,116.03696,32.92471,-24.47924
5.93000,-52.51427,93.98099,116.65205,32.86152,-24.60697
5.94000,-52.45332,93.73439,116.83128,32.92880,-24.69055
5.95000,-52.08846,93.44443,116.58618,33.08306,-24.74973
5.96000,-51.44107,93.11739,115.93793,33.28149,-24.80910
5.97000,-50.55222,92.76625,114.91581,33.48611,-24.89581
5.98000,-49.48050,92.41043,113.55564,33.66784,-25.03654
5.99000,-48.29749,92.07430,111.89825,33.81020,-25.25399
6.00000,-47.08136,91.78453,109.98817,33.91197,-25.56370
6.01000,-45.90949,91.56672,107.87226,33.98807,-25.97147
6.02000,-44.85090,91.44204,105.59846,34.06808,-26.47212
6.03000,-43.95982,91.42445,103.21445,34.19220,-27.04965
6.04000,-43.27112,91.51895,100.76633,34.40517,-27.67925
6.05000,-42.79834,91.72126,98.29745,34.74924,-28.33063
6.06000,-42.53433,92.01860,95.84740,35.25720,-28.97207
6.07000,-42.45406,92.39143,93.45084,35.94715,-29.57419
6.08000,-42.51897,92.81569,91.13618,36.81998,-30.11255
6.09000,-42.68194,93.26518,88.92404,37.86007,-30.56892
6.10000,-42.89232,93.71412,86.82594,39.03863,-30.93111
6.11000,-43.10041,94.13934,84.84371,40.31866,-31.19206
6.12000,-43.26120,94.52223,82.96999,41.66020,-31.34849
6.13000,-43.33716,94.84985,81.18984,43.02511,-31.39982
6.14000,-43.30021,95.11543,79.48332,44.38099,-31.34738
6.15000,-43.13276,95.31814,77.82859,45.70385,-31.19419
6.16000,-42.82793,95.46223,76.20498,46.97960,-30.94509
6.17000,-42.38908,95.55599,74.59538,48.20437,-30.60703
6.18000,-41.82863,95.61044,72.98768,49.38372,-30.18913
6.19000,-41.16619,95.63808,71.37509,50.53096,-29.70246
6.20000,-40.42588,95.65182,69.75549,51.66463,-29.15953
6.21000,-39.63315,95.66400,68.13034,52.80561,-28.57353
6.22000,-38.81142,95.68568,66.50335,53.97416,-27.95753
6.23000,-37.97938,95.72609,64.87918,55.18729,-27.32358
6.24000,-37.14948,95.79237,63.26231,56.45696,-26.68197
6.25000,-36.32749,95.88947,61.65613,57.78894,-26.04055
6.26000,-35.51311,96.02016,60.06242,59.18250,-25.40435
6.27000,-34.70122,96.18529,58.48124,60.63061,-24.77555
6.28000,-33.88348,96.38408,56.91121,62.12040,-24.15371
6.29000,-33.05012,96.61439,55.35004,63.63379,-23.53613
6.30000,-32.19156,96.87305,53.79516,65.14812,-22.91840
6.31000,-31.29982,97.15617,52.24424,66.63693,-22.29469
6.32000,-30.36968,97.45938,50.69555,68.07079,-21.65796
6.33000,-29.39944,97.77818,49.14815,69.41853,-21.00020
6.34000,-28.39142,98.10816,47.60207,70.64876,-20.31258
6.35000,-27.35210,98.44536,46.05864,71.73158,-19.58595
6.36000,-26.29203,98.78642,44.52111,72.64053,-18.81148
6.37000,-25.22557,99.12870,42.99578,73.35414,-17.98149
6.38000,-24.17035,99.47004,41.49345,73.85752,-17.09054
6.39000,-23.14666,99.80840,40.03103,74.14343,-16.13644
6.40000,-22.17643,100.14120,38.63284,74.21344,-15.12140
6.41000,-21.28202,100.46455,37.33121,74.07878,-14.05278
6.42000,-20.48474,100.77249,36.16595,73.76090,-12.94362
6.43000,-19.80327,101.05646,35.18275,73.29122,-11.81274
6.44000,-19.25215,101.30520,34.43053,72.70976,-10.68447
6.45000,-18.84048,101.50523,33.95815,72.06221,-9.58795
6.46000,-18.57106,101.64193,33.81052,71.39580,-8.55589
6.47000,-18.43996,101.70109,34.02473,70.75433,-7.62262
6.48000,-18.43682,101.67078,34.62631,70.17339,-6.82169
6.49000,-18.54580,101.54311,35.62631,69.67640,-6.18310
6.50000,-18.74729,101.31573,37.01932,69.27254,-5.73087
6.51000,-19.02013,100.99253,38.78275,68.95655,-5.48114
6.52000,-19.34406,100.58389,40.87745,68.71078,-5.44112
6.53000,-19.70206,100.10599,43.24979,68.50881,-5.60880
6.54000,-20.08218,99.57974,45.83492,68.32000,-5.97330
6.55000,-20.47865,99.02919,48.56132,68.11413,-6.51559
6.56000,-20.89216,98.47964,51.35598,67.86517,-7.20967
6.57000,-21.32926,97.95588,54.14984,67.55374,-8.02415
6.58000,-21.80116,97.48033,56.88287,67.16812,-8.92430
6.59000,-22.32196,97.07176,59.50797,66.70367,-9.87461
6.60000,-22.90678,96.74421,61.99350,66.16125,-10.84154
6.61000,-23.56989,96.50650,64.32408,65.54500,-11.79631
6.62000,-24.32309,96.36213,66.49971,64.85992,-12.71703
6.63000,-25.17452,96.30963,68.53358,64.10973,-13.58998
6.64000,-26.12768,96.34324,70.44897,63.29543,-14.40984
6.65000,-27.18098,96.45380,72.27561,62.41478,-15.17881
6.66000,-28.32752,96.62987,74.04630,61.46288,-15.90496
6.67000,-29.55556,96.85869,75.79367,60.43353,-16.60016
6.68000,-30.84970,97.12724,77.54784,59.32136,-17.27787
6.69000,-32.19286,97.42289,79.33471,58.12396,-17.95115
6.70000,-33.56849,97.73402,81.17509,56.84388,-18.63124
6.71000,-34.96222,98.05022,83.08438,55.48978,-19.32667
6.72000,-36.36236,98.36231,85.07267,54.07673,-20.04290
6.73000,-37.75937,98.66219,87.14499,52.62535,-20.78238
6.74000,-39.14471,98.94241,89.30145,51.15993,-21.54474
6.75000,-40.50945,99.19585,91.53716,49.70592,-22.32710
6.76000,-41.84305,99.41517,93.84186,48.28696,-23.12423
6.77000,-43.13238,99.59257,96.19920,46.92213,-23.92871
6.78000,-44.36126,99.71964,98.58606,45.62392,-24.73104
6.79000,-45.51049,99.78748,100.97189,44.39713,-25.51977
6.80000,-46.55830,99.78714,103.31865,43.23925,-26.28185
6.81000,-47.48132,99.71030,105.58125,42.14194,-27.00325
6.82000,-48.25577,99.55029,107.70892,41.09344,-27.67005
6.83000,-48.85904,99.30304,109.64738,40.08133,-28.26962
6.84000,-49.27146,98.96823,111.34165,39.09534,-28.79202
6.85000,-49.47824,98.55011,112.73932,38.12959,-29.23107
6.86000,-49.47143,98.05807,113.79390,37.18424,-29.58517
6.87000,-49.25176,97.50686,114.46790,36.26646,-29.85778
6.88000,-48.83010,96.91636,114.73528,35.39060,-30.05763
6.89000,-48.22835,96.31094,114.58318,34.57784,-30.19887
6.90000,-47.47949,95.71841,114.01253,33.85525,-30.30092
6.91000,-46.62653,95.16868,113.03762,33.25461,-30.38792
6.92000,-45.72036,94.69194,111.68465,32.81092,-30.48744
6.93000,-44.81628,94.31668,109.98942,32.56074,-30.62816
6.94000,-43.96952,94.06732,107.99446,32.54018,-30.83663
6.95000,-43.23013,93.96198,105.74619,32.78225,-31.13340
6.96000,-42.63765,94.01045,103.29217,33.31363,-31.52932
6.97000,-42.21658,94.21301,100.67926,34.15086,-32.02287
6.98000,-41.97312,94.56002,97.95255,35.29660,-32.59930
6.99000,-41.89406,95.03259,95.15532,36.73642,-33.23183
7.00000,-41.94788,95.60402,92.32944,38.43738,-33.88473
7.01000,-42.08818,96.24181,89.51576,40.34870,-34.51751
7.02000,-42.25897,96.90999,86.75392,42.40539,-35.08926
7.03000,-42.40123,97.57181,84.08110,44.53441,-35.56257
7.04000,-42.45983,98.19234,81.53011,46.66240,-35.90645
7.05000,-42.38974,98.74107,79.12711,48.72351,-36.09839
7.06000,-42.16003,99.19402,76.88969,50.66597,-36.12546
7.07000,-41.75510,99.53526,74.82581,52.45637,-35.98454
7.08000,-41.17329,99.75784,72.93359,54.08117,-35.68163
7.09000,-40.42422,99.86378,71.20213,55.54565,-35.23030
7.10000,-39.52590,99.86348,69.61301,56.87078,-34.64977
7.11000,-38.50203,99.77452,68.14211,58.08865,-33.96249
7.12000,-37.37962,99.61990,66.76177,59.23730,-33.19204
7.13000,-36.18685,99.42602,65.44290,60.35546,-32.36098
7.14000,-34.95136,99.22042,64.15700,61.47770,-31.48936
7.15000,-33.69891,99.02960,62.87804,62.63047,-30.59345
7.16000,-32.45251,98.87694,61.58414,63.82938,-29.68522
7.17000,-31.23210,98.78104,60.25870,65.07796,-28.77218
7.18000,-30.05449,98.75454,58.89117,66.36784,-27.85772
7.19000,-28.93364,98.80334,57.47720,67.68024,-26.94165
7.20000,-27.88091,98.92655,56.01836,68.98805,-26.02091
7.21000,-26.90531,99.11677,54.52141,70.25852,-25.09024
7.22000,-26.01357,99.36104,52.99734,71.45592,-24.14284
7.23000,-25.20999,99.64207,51.46041,72.54417,-23.17106
7.24000,-24.49631,99.93990,49.92725,73.48939,-22.16717
7.25000,-23.87141,100.23363,48.41630,74.26225,-21.12426
7.26000,-23.33132,100.50318,46.94759,74.84024,-20.03731
7.27000,-22.86930,100.73102,45.54286,75.20973,-18.90454
7.28000,-22.47626,100.90348,44.22575,75.36781,-17.72877
7.29000,-22.14133,101.01180,43.02203,75.32356,-16.51862
7.30000,-21.85275,101.05253,41.95935,75.09859,-15.28932
7.31000,-21.59885,101.02747,41.06653,74.72594,-14.06258
7.32000,-21.36917,100.94304,40.37203,74.24765,-12.86560
7.33000,-21.15545,100.80923,39.90186,73.71063,-11.72900
7.34000,-20.95255,100.63831,39.67706,73.16171,-10.68404
7.35000,-20.75893,100.44347,39.71111,72.64240,-9.75970
7.36000,-20.57676,100.23750,40.00797,72.18432,-8.97986
7.37000,-20.41148,100.03171,40.56109,71.80596,-8.36127
7.38000,-20.27100,99.83524,41.35362,71.51119,-7.91241
7.39000,-20.16451,99.65455,42.35991,71.28966,-7.63338
7.40000,-20.10114,99.49338,43.54797,71.11901,-7.51667
7.41000,-20.08872,99.35275,44.88244,70.96846,-7.54856
7.42000,-20.13265,99.23112,46.32764,70.80316,-7.71089
7.43000,-20.23517,99.12474,47.85033,70.58907,-7.98289
7.44000,-20.39506,99.02786,49.42194,70.29752,-8.34301
7.45000,-20.60778,98.93327,51.01996,69.90919,-8.77056
7.46000,-20.86605,98.83284,52.62877,69.41676,-9.24713
7.47000,-21.16082,98.71819,54.23954,68.82587,-9.75779
7.48000,-21.48238,98.58147,55.84976,68.15418,-10.29196
7.49000,-21.82170,98.41618,57.46217,67.42833,-10.84387
7.50000,-22.17170,98.21772,59.08348,66.67943,-11.41227
7.51000,-22.52831,97.98410,60.72286,65.93761,-11.99952
7.52000,-22.89132,97.71619,62.39035,65.22693,-12.60988
7.53000,-23.26474,97.41795,64.09512,64.56133,-13.24773
7.54000,-23.65674,97.09631,65.84403,63.94268,-13.91606
7.55000,-24.07911,96.76087,67.64026,63.36095,-14.61555
7.56000,-24.54621,96.42340,69.48263,62.79624,-15.34454
7.57000,-25.07349,96.09706,71.36546,62.22213,-16.09949
7.58000,-25.67576,95.79557,73.27925,61.60933,-16.87591
7.59000,-26.36534,95.53221,75.21194,60.92917,-17.66919
7.60000,-27.15039,95.31882,77.15077,60.15639,-18.47506
7.61000,-28.03386,95.16489,79.08427,59.27114,-19.28946
7.62000,-29.01319,95.07675,81.00407,58.26041,-20.10790
7.63000,-30.08095,95.05694,82.90628,57.11886,-20.92444
7.64000,-31.22613,95.10390,84.79218,55.84940,-21.73090
7.65000,-32.43538,95.21191,86.66805,54.46317,-22.51649
7.66000,-33.69397,95.37140,88.54432,52.97905,-23.26815
7.67000,-34.98653,95.56962,90.43402,51.42257,-23.97157
7.68000,-36.29752,95.79153,92.35070,49.82436,-24.61288
7.69000,-37.61166,96.02102,94.30609,48.21812,-25.18056
7.70000,-38.91427,96.24203,96.30759,46.63842,-25.66733
7.71000,-40.19132,96.43974,98.35612,45.11816,-26.07160
7.72000,-41.42925,96.60144,100.44447,43.68624,-26.39812
7.73000,-42.61457,96.71710,102.55643,42.36533,-26.65761
7.74000,-43.73324,96.77972,104.66700,41.17030,-26.86554
7.75000,-44.77020,96.78526,106.74344,40.10727,-27.04017
7.76000,-45.70890,96.73243,108.74708,39.17369,-27.20024
7.77000,-46.53123,96.62215,110.63569,38.35929,-27.36274
7.78000,-47.21780,96.45711,112.36579,37.64801,-27.54087
7.79000,-47.74879,96.24117,113.89487,37.02056,-27.74258
7.80000,-48.10529,95.97908,115.18296,36.45754,-27.96980
7.81000,-48.27115,95.67634,116.19377,35.94257,-28.21875
7.82000,-48.23526,95.33940,116.89529,35.46515,-28.48134
7.83000,-47.99384,94.97610,117.26022,35.02274,-28.74763
7.84000,-47.55253,94.59626,117.26616,34.62182,-29.00856
7.85000,-46.92788,94.21208,116.89600,34.27764,-29.25846
7.86000,-46.14783,93.83845,116.13839,34.01255,-29.49650
7.87000,-45.25101,93.49262,114.98843,33.85323,-29.72685
7.88000,-44.28463,93.19355,113.44868,33.82718,-29.95742
7.89000,-43.30114,92.96070,111.53033,33.95930,-30.19758
7.90000,-42.35373,92.81251,109.25438,34.26919,-30.45536
7.91000,-41.49112,92.76460,106.65236,34.76958,-30.73488
7.92000,-40.75238,92.82800,103.76642,35.46621,-31.03462
7.93000,-40.16251,93.00748,100.64848,36.35869,-31.34674
7.94000,-39.72972,93.30059,97.35844,37.44164,-31.65770
7.95000,-39.44494,93.69721,93.96180,38.70547,-31.94978
7.96000,-39.28369,94.18027,90.52686,40.13611,-32.20344
7.97000,-39.20979,94.72701,87.12177,41.71409,-32.39977
7.98000,-39.18018,95.31081,83.81145,43.41371,-32.52282
7.99000,-39.14989,95.90325,80.65424,45.20330,-32.56101
8.00000,-39.07634,96.47608,77.69856,47.04684,-32.50772
8.01000,-38.92242,97.00328,74.97986,48.90695,-32.36105
8.02000,-38.65837,97.46284,72.51836,50.74845,-32.12315
8.03000,-38.26279,97.83842,70.31823,52.54189,-31.79941
8.04000,-37.72321,98.12043,68.36802,54.26618,-31.39750
8.05000,-37.03626,98.30671,66.64270,55.90999,-30.92646
8.06000,-36.20727,98.40257,65.10668,57.47156,-30.39561
8.07000,-35.24928,98.42026,63.71759,58.95720,-29.81343
8.08000,-34.18145,98.37794,62.43024,60.37873,-29.18662
8.09000,-33.02711,98.29835,61.20033,61.75054,-28.51933
8.10000,-31.81160,98.20702,59.98767,63.08666,-27.81277
8.11000,-30.56030,98.13039,58.75859,64.39823,-27.06523
8.12000,-29.29696,98.09370,57.48755,65.69161,-26.27252
8.13000,-28.04259,98.11889,56.15788,66.96716,-25.42868
8.14000,-26.81491,98.22265,54.76179,68.21871,-24.52699
8.15000,-25.62821,98.41480,53.29963,69.43365,-23.56109
8.16000,-24.49358,98.69726,51.77870,70.59354,-22.52590
8.17000,-23.41918,99.06373,50.21181,71.67492,-21.41839
8.18000,-22.41075,99.50027,48.61588,72.65057,-20.23792
8.19000,-21.47197,99.98656,47.01086,73.49119,-18.98649
8.20000,-20.60488,100.49780,45.41924,74.16753,-17.66886
8.21000,-19.81036,101.00695,43.86608,74.65337,-16.29291
8.22000,-19.08855,101.48700,42.37945,74.92884,-14.87022
8.23000,-18.43943,101.91309,40.99092,74.98385,-13.41683
8.24000,-17.86336,102.26425,39.73582,74.82104,-11.95410
8.25000,-17.36158,102.52464,38.65267,74.45752,-10.50926
8.26000,-16.93651,102.68427,37.78164,73.92490,-9.11514
8.27000,-16.59179,102.73918,37.16175,73.26730,-7.80889
8.28000,-16.33203,102.69122,36.82744,72.53731,-6.62931
8.29000,-16.16211,102.54723,36.80480,71.79032,-5.61323
8.30000,-16.08635,102.31809,37.10868,71.07813,-4.79170
8.31000,-16.10754,102.01756,37.74105,70.44302,-4.18674
8.32000,-16.22618,101.66112,38.69104,69.91336,-3.80951
8.33000,-16.43998,101.26516,39.93627,69.50142,-3.66006
8.34000,-16.74389,100.84616,41.44527,69.20356,-3.72857
8.35000,-17.13052,100.42010,43.18023,69.00241,-3.99727
8.36000,-17.59078,100.00193,45.09975,68.87048,-4.44277
8.37000,-18.11458,99.60501,47.16157,68.77450,-5.03814
8.38000,-18.69157,99.24076,49.32490,68.67974,-5.75487
8.39000,-19.31189,98.91830,51.55260,68.55389,-6.56446
8.40000,-19.96687,98.64426,53.81293,68.36998,-7.43988
8.41000,-20.64988,98.42272,56.08063,68.10823,-8.35682
8.42000,-21.35703,98.25524,58.33749,67.75681,-9.29466
8.43000,-22.08792,98.14106,60.57217,67.31131,-10.23726
8.44000,-22.84595,98.07734,62.77954,66.77332,-11.17333
8.45000,-23.63836,98.05952,64.95958,66.14828,-12.09632
8.46000,-24.47573,98.08168,67.11613,65.44310,-13.00381
8.47000,-25.37087,98.13690,69.25552,64.66376,-13.89643
8.48000,-26.33728,98.21772,71.38531,63.81348,-14.77635
8.49000,-27.38725,98.31653,73.51327,62.89163,-15.64577
8.50000,-28.52974,98.42613,75.64670,61.89353,-16.50561
8.51000,-29.76853,98.54020,77.79208,60.81123,-17.35464
8.52000,-31.10085,98.65376,79.95502,59.63507,-18.18933
8.53000,-32.51699,98.76357,82.14028,58.35576,-19.00443
8.54000,-34.00134,98.86832,84.35190,56.96664,-19.79423
8.55000,-35.53483,98.96862,86.59303,55.46574,-20.55428
8.56000,-37.09804,99.06674,88.86555,53.85728,-21.28311
8.57000,-38.67375,99.16612,91.16927,52.15251,-21.98353
8.58000,-40.24813,99.27070,93.50088,50.36963,-22.66295
8.59000,-41.81065,99.38401,95.85274,48.53310,-23.33262
8.60000,-43.35316,99.50842,98.21181,46.67228,-24.00563
8.61000,-44.86856,99.64432,100.55891,44.81956,-24.69415
8.62000,-46.34930,99.78961,102.86844,43.00826,-25.40645
8.63000,-47.78610,99.93945,105.10902,41.27044,-26.14450
8.64000,-49.16690,100.08631,107.24469,39.63474,-26.90265
8.65000,-50.47609,100.22028,109.23691,38.12456,-27.66782
8.66000,-51.69430,100.32957,111.04676,36.75651,-28.42106
8.67000,-52.79852,100.40123,112.63734,35.53941,-29.14015
8.68000,-53.76294,100.42191,113.97570,34.47398,-29.80270
8.69000,-54.56034,100.37879,115.03441,33.55322,-30.38919
8.70000,-55.16411,100.26064,115.79247,32.76381,-30.88557
8.71000,-55.55066,100.05892,116.23587,32.08830,-31.28481
8.72000,-55.70218,99.76896,116.35760,31.50814,-31.58756
8.73000,-55.60913,99.39093,116.15755,31.00703,-31.80189
8.74000,-55.27249,98.93065,115.64220,30.57459,-31.94254
8.75000,-54.70515,98.40004,114.82436,30.20951,-32.03005
8.76000,-53.93227,97.81717,113.72284,29.92171,-32.08982
8.77000,-52.99031,97.20562,112.36222,29.73295,-32.15070
8.78000,-51.92461,96.59313,110.77230,29.67550,-32.24288
8.79000,-50.78573,96.00948,108.98723,29.78890,-32.39493
8.80000,-49.62477,95.48389,107.04414,30.11526,-32.63025
8.81000,-48.48854,95.04223,104.98141,30.69347,-32.96353
8.82000,-47.41518,94.70477,102.83664,31.55343,-33.39800
8.83000,-46.43086,94.48450,100.64468,32.71084,-33.92424
8.84000,-45.54803,94.38651,98.43603,34.16367,-34.52085
8.85000,-44.76556,94.40806,96.23568,35.89069,-35.15709
8.86000,-44.07048,94.53952,94.06255,37.85250,-35.79663
8.87000,-43.44109,94.76577,91.92928,39.99499,-36.40183
8.88000,-42.85092,95.06796,89.84233,42.25492,-36.93766
8.89000,-42.27292,95.42547,87.80230,44.56667,-37.37471
8.90000,-41.68340,95.81782,85.80463,46.86890,-37.69117
8.91000,-41.06504,96.22625,83.84087,49.11020,-37.87369
8.92000,-40.40892,96.63500,81.90045,51.25281,-37.91733
8.93000,-39.71476,97.03210,79.97278,53.27414,-37.82483
8.94000,-38.98956,97.40976,78.04939,55.16619,-37.60520
8.95000,-38.24439,97.76418,76.12573,56.93340,-37.27199
8.96000,-37.49060,98.09518,74.20215,58.58950,-36.84126
8.97000,-36.73643,98.40542,72.28408,60.15420,-36.32969
8.98000,-35.98515,98.69955,70.38134,61.64999,-35.75278
8.99000,-35.23490,98.98330,68.50671,63.09945,-35.12362
9.00000,-34.47983,99.26270,66.67421,64.52306,-34.45200
9.01000,-33.71210,99.54331,64.89715,65.93745,-33.74408
9.02000,-32.92419,99.82968,63.18649,67.35416,-33.00249
9.03000,-32.11087,100.12488,61.54950,68.77856,-32.22663
9.04000,-31.27077,100.43017,59.98901,70.20932,-31.41339
9.05000,-30.40697,100.74481,58.50313,71.63812,-30.55776
9.06000,-29.52698,101.06595,57.08559,73.04992,-29.65373
9.07000,-28.64181,101.38872,55.72642,74.42370,-28.69509
9.08000,-27.76474,101.70653,54.41290,75.73386,-27.67620
9.09000,-26.90971,102.01151,53.13082,76.95181,-26.59270
9.10000,-26.08984,102.29507,51.86598,78.04765,-25.44200
9.11000,-25.31612,102.54865,50.60586,78.99194,-24.22363
9.12000,-24.59657,102.76427,49.34153,79.75737,-22.93966
9.13000,-23.93570,102.93526,48.06965,80.32065,-21.59513
9.14000,-23.33456,103.05665,46.79425,80.66470,-20.19868
9.15000,-22.79107,103.12552,45.52819,80.78084,-18.76337
9.16000,-22.30078,103.14103,44.29383,80.67073,-17.30739
9.17000,-21.85775,103.10435,43.12279,80.34761,-15.85474
9.18000,-21.45557,103.01846,42.05456,79.83637,-14.43529
9.19000,-21.08827,102.88770,41.13372,79.17235,-13.08421
9.20000,-20.75120,102.71739,40.40610,78.39865,-11.84050
9.21000,-20.44170,102.51338,39.91424,77.56232,-10.74466
9.22000,-20.15961,102.28155,39.69289,76.70967,-9.83559
9.23000,-19.90742,102.02740,39.76541,75.88141,-9.14708
9.24000,-19.69010,101.75569,40.14170,75.10842,-8.70430
9.25000,-19.51448,101.47019,40.81807,74.40904,-8.52092
9.26000,-19.38837,101.17358,41.77878,73.78817,-8.59735
9.27000,-19.31945,100.86764,42.99891,73.23854,-8.92040
9.28000,-19.31424,100.55339,44.44775,72.74371,-9.46442
9.29000,-19.37736,100.23151,46.09225,72.28203,-10.19361
9.30000,-19.51122,99.90259,47.89973,71.83085,-11.06531
9.31000,-19.71617,99.56753,49.83997,71.37016,-12.03368
9.32000,-19.99108,99.22793,51.88632,70.88495,-13.05349
9.33000,-20.33417,98.88638,54.01614,70.36622,-14.08370
9.34000,-20.74395,98.54688,56.21064,69.81040,-15.09029
9.35000,-21.22005,98.21490,58.45433,69.21764,-16.04824
9.36000,-21.76381,97.89750,60.73423,68.58932,-16.94230
9.37000,-22.37868,97.60300,63.03913,67.92545,-17.76666
9.38000,-23.06999,97.34056,65.35897,67.22248,-18.52347
9.39000,-23.84436,97.11945,67.68449,66.47227,-19.22060
9.40000,-24.70864,96.94829,70.00720,65.66235,-19.86910
9.41000,-25.66833,96.83421,72.31959,64.77751,-20.48059
9.42000,-26.72597,96.78218,74.61555,63.80253,-21.06530
9.43000,-27.87955,96.79441,76.89089,62.72520,-21.63090
9.44000,-29.12152,96.87002,79.14389,61.53916,-22.18223
9.45000,-30.43864,97.00498,81.37561,60.24574,-22.72193
9.46000,-31.81320,97.19226,83.59005,58.85453,-23.25156
9.47000,-33.22478,97.42220,85.79378,57.38254,-23.77286
9.48000,-34.65235,97.68298,87.99513,55.85231,-24.28865
9.49000,-36.07572,97.96133,90.20290,54.28928,-24.80311
9.50000,-37.47672,98.24316,92.42458,52.71914,-25.32137
9.51000,-38.83986,98.51427,94.66438,51.16549,-25.84853
9.52000,-40.15275,98.76112,96.92135,49.64836,-26.38840
9.53000,-41.40623,98.97153,99.18789,48.18347,-26.94233
9.54000,-42.59425,99.13538,101.44880,46.78242,-27.50843
9.55000,-43.71343,99.24503,103.68124,45.45350,-28.08155
9.56000,-44.76228,99.29576,105.85558,44.20284,-28.65392
9.57000,-45.74018,99.28574,107.93710,43.03571,-29.21639
9.58000,-46.64618,99.21594,109.88834,41.95753,-29.76002
9.59000,-47.47764,99.08965,111.67183,40.97438,-30.27741
9.60000,-48.22915,98.91190,113.25266,40.09285,-30.76368
9.61000,-48.89179,98.68872,114.60084,39.31909,-31.21665
9.62000,-49.45291,98.42638,115.69276,38.65764,-31.63638
9.63000,-49.89671,98.13084,116.51214,38.11006,-32.02427
9.64000,-50.20539,97.80724,117.04990,37.67416,-32.38181
9.65000,-50.36103,97.45982,117.30350,37.34400,-32.70979
9.66000,-50.34784,97.09216,117.27580,37.11096,-33.00792
9.67000,-50.15473,96.70778,116.97351,36.96577,-33.27539
9.68000,-49.77768,96.31111,116.40593,36.90128,-33.51217
9.69000,-49.22168,95.90856,115.58378,36.91515,-33.72078
9.70000,-48.50180,95.50948,114.51869,37.01165,-33.90786
9.71000,-47.64309,95.12675,113.22307,37.20154,-34.08477
9.72000,-46.67903,94.77684,111.71046,37.50002,-34.26670
9.73000,-45.64876,94.47889,109.99615,37.92338,-34.47044
9.74000,-44.59320,94.25323,108.09765,38.48569,-34.71112
9.75000,-43.55066,94.11932,106.03511,39.19681,-34.99919
9.76000,-42.55267,94.09342,103.83137,40.06185,-35.33782
9.77000,-41.62071,94.18653,101.51162,41.08186,-35.72173
9.78000,-40.76464,94.40295,99.10287,42.25474,-36.13730
9.79000,-39.98315,94.73969,96.63316,43.57569,-36.56422
9.80000,-39.26612,95.18677,94.13078,45.03689,-36.97821
9.81000,-38.59841,95.72821,91.62333,46.62656,-37.35406
9.82000,-37.96389,96.34349,89.13679,48.32805,-37.66840
9.83000,-37.34893,97.00911,86.69434,50.11969,-37.90156
9.84000,-36.74421,97.70011,84.31501,51.97569,-38.03834
9.85000,-36.14475,98.39156,82.01254,53.86806,-38.06783
9.86000,-35.54840,99.05992,79.79458,55.76922,-37.98279
9.87000,-34.95401,99.68436,77.66277,57.65458,-37.77908
9.88000,-34.36008,100.24800,75.61369,59.50462,-37.45540
9.89000,-33.76402,100.73895,73.64064,61.30617,-37.01343
9.90000,-33.16207,101.15083,71.73576,63.05244,-36.45806
9.91000,-32.54955,101.48294,69.89208,64.74226,-35.79754
9.92000,-31.92136,101.73983,68.10491,66.37847,-35.04322
9.93000,-31.27253,101.93036,66.37222,67.96598,-34.20876
9.94000,-30.59872,102.06649,64.69402,69.50949,-33.30890
9.95000,-29.89684,102.16184,63.07105,71.01122,-32.35781
9.96000,-29.16541,102.23022,61.50315,72.46869,-31.36738
9.97000,-28.40506,102.28423,59.98777,73.87290,-30.34582
9.98000,-27.61876,102.33423,58.51900,75.20740,-29.29683
9.99000,-26.81190,102.38761,57.08744,76.44838,-28.21968
10.00000,-25.99211,102.44841,55.68084,77.56619,-27.11014
10.01000,-25.16878,102.51736,54.28555,78.52798,-25.96201
10.02000,-24.35246,102.59217,52.88852,79.30132,-24.76912
10.03000,-23.55403,102.66821,51.47974,79.85819,-23.52722
10.04000,-22.78404,102.73923,50.05462,80.17899,-22.23564
10.05000,-22.05194,102.79833,48.61632,80.25574,-20.89846
10.06000,-21.36566,102.83875,47.17746,80.09441,-19.52519
10.07000,-20.73136,102.85474,45.76121,79.71555,-18.13091
10.08000,-20.15342,102.84212,44.40117,79.15369,-16.73596
10.09000,-19.63468,102.79869,43.13995,78.45489,-15.36524
10.10000,-19.17685,102.72423,42.02627,77.67330,-14.04721
10.11000,-18.78080,102.62033,41.11050,76.86700,-12.81259
10.12000,-18.44695,102.48995,40.43943,76.09348,-11.69260
10.13000,-18.17540,102.33679,40.05093,75.40518,-10.71682
10.14000,-17.96597,102.16464,39.96944,74.84548,-9.91067
10.15000,-17.81814,101.97691,40.20315,74.44521,-9.29301
10.16000,-17.73083,101.77635,40.74321,74.22034,-8.87422
10.17000,-17.70238,101.56513,41.56498,74.17105,-8.65543
10.18000,-17.73047,101.34510,42.63106,74.28217,-8.62890
10.19000,-17.81233,101.11812,43.89553,74.52490,-8.77951
10.20000,-17.94495,100.88628,45.30874,74.85952,-9.08674
10.21000,-18.12525,100.65191,46.82195,75.23891,-9.52680
10.22000,-18.35030,100.41740,48.39151,75.61281,-10.07463
10.23000,-18.61729,100.18484,49.98203,75.93237,-10.70568
10.24000,-18.92360,99.95564,51.56852,76.15479,-11.39731
10.25000,-19.26676,99.73026,53.13718,76.24725,-12.12999
10.26000,-19.64447,99.50812,54.68505,76.18933,-12.88794
10.27000,-20.05468,99.28773,56.21847,75.97375,-13.65927
10.28000,-20.49577,99.06706,57.75068,75.60522,-14.43563
10.29000,-20.96684,98.84400,59.29899,75.09785,-15.21142
10.30000,-21.46808,98.61690,60.88180,74.47171,-15.98285
10.31000,-22.00121,98.38501,62.51574,73.74922,-16.74698
10.32000,-22.56975,98.14889,64.21339,72.95198,-17.50114
10.33000,-23.17915,97.91048,65.98162,72.09840,-18.24257
10.34000,-23.83653,97.67317,67.82072,71.20203,-18.96859
10.35000,-24.54994,97.44160,69.72449,70.27069,-19.67706
10.36000,-25.32727,97.22135,71.68115,69.30621,-20.36697
10.37000,-26.17477,97.01862,73.67495,68.30489,-21.03895
10.38000,-27.09566,96.83971,75.68822,67.25870,-21.69556
10.39000,-28.08900,96.69059,77.70368,66.15718,-22.34113
10.40000,-29.14938,96.57641,79.70638,64.98995,-22.98111
10.41000,-30.26760,96.50102,81.68533,63.74941,-23.62115
10.42000,-31.43196,96.46671,83.63452,62.43333,-24.26597
10.43000,-32.62961,96.47388,85.55327,61.04689,-24.91834
10.44000,-33.84739,96.52098,87.44606,59.60368,-25.57834
10.45000,-35.07224,96.60450,89.32185,58.12534,-26.24312
10.46000,-36.29126,96.71915,91.19274,56.63971,-26.90712
10.47000,-37.49173,96.85810,93.07236,55.17765,-27.56267
10.48000,-38.66114,97.01330,94.97369,53.76909,-28.20073
10.49000,-39.78722,97.17585,96.90665,52.43912,-28.81163
10.50000,-40.85822,97.33640,98.87580,51.20489,-29.38581
10.51000,-41.86295,97.48547,100.87831,50.07365,-29.91468
10.52000,-42.79086,97.61369,102.90261,49.04229,-30.39175
10.53000,-43.63188,97.71203,104.92813,48.09813,-30.81380
10.54000,-44.37615,97.77190,106.92592,47.22066,-31.18190
10.55000,-45.01374,97.78530,108.86023,46.38431,-31.50190
10.56000,-45.53440,97.74499,110.69044,45.56161,-31.78406
10.57000,-45.92768,97.64471,112.37317,44.72707,-32.04184
10.58000,-46.18332,97.47954,113.86414,43.86112,-32.29000
10.59000,-46.29192,97.24632,115.11971,42.95400,-32.54250
10.60000,-46.24612,96.94421,116.09836,42.00867,-32.81031
10.61000,-46.04190,96.57529,116.76203,41.04233,-33.09998
10.62000,-45.68005,96.14531,117.07753,40.08588,-33.41299
10.63000,-45.16763,95.66425,117.01809,39.18147,-33.74625
10.64000,-44.51912,95.14690,116.56486,38.37817,-34.09352
10.65000,-43.75704,94.61295,115.70836,37.72684,-34.44746
10.66000,-42.91177,94.08662,114.44958,37.27488,-34.80152
10.67000,-42.02029,93.59563,112.80059,37.06202,-35.15139
10.68000,-41.12383,93.16936,110.78436,37.11779,-35.49545
10.69000,-40.26466,92.83650,108.43387,37.46075,-35.83416
10.70000,-39.48216,92.62226,105.79049,38.09917,-36.16867
10.71000,-38.80892,92.54570,102.90197,39.03223,-36.49863
10.72000,-38.26728,92.61758,99.82035,40.25100,-36.82025
10.73000,-37.86705,92.83911,96.60009,41.73861,-37.12505
10.74000,-37.60479,93.20170,93.29664,43.46978,-37.39999
10.75000,-37.46467,93.68784,89.96534,45.41029,-37.62897
10.76000,-37.42075,94.27267,86.66047,47.51711,-37.79510
10.77000,-37.44011,94.92616,83.43402,49.74001,-37.88310
10.78000,-37.48608,95.61543,80.33391,52.02462,-37.88104
10.79000,-37.52116,96.30722,77.40173,54.31661,-37.78131
10.80000,-37.50940,96.97031,74.67036,56.56602,-37.58060
10.81000,-37.41847,97.57760,72.16184,58.73096,-37.27940
10.82000,-37.22143,98.10779,69.88602,60.78011,-36.88113
10.83000,-36.89824,98.54655,67.84032,62.69393,-36.39117
10.84000,-36.43669,98.88692,66.01065,64.46426,-35.81619
10.85000,-35.83276,99.12926,64.37327,66.09295,-35.16346
10.86000,-35.09038,99.28036,62.89744,67.58949,-34.44051
10.87000,-34.22060,99.35233,61.54827,68.96827,-33.65488
10.88000,-33.24038,99.36115,60.28959,70.24559,-32.81383
10.89000,-32.17099,99.32496,59.08627,71.43693,-31.92401
10.90000,-31.03636,99.26257,57.90629,72.55447,-30.99104
10.91000,-29.86145,99.19199,56.72205,73.60518,-30.01904
10.92000,-28.67077,99.12910,55.51132,74.58936,-29.01014
10.93000,-27.48725,99.08679,54.25783,75.50018,-27.96426
10.94000,-26.33134,99.07430,52.95149,76.32390,-26.87914
10.95000,-25.22043,99.09695,51.58866,77.04127,-25.75080
10.96000,-24.16856,99.15624,50.17229,77.62981,-24.57438
10.97000,-23.18644,99.25029,48.71227,78.06696,-23.34555
10.98000,-22.28168,99.37441,47.22577,78.33360,-22.06206
10.99000,-21.45928,99.52187,45.73761,78.41773,-20.72570
11.00000,-20.72218,99.68452,44.28035,78.31747,-19.34409
11.01000,-20.07193,99.85340,42.89377,78.04299,-17.93215
11.02000,-19.50935,100.01907,41.62362,77.61667,-16.51270
11.03000,-19.03502,100.17184,40.51920,77.07133,-15.11597
11.04000,-18.64965,100.30196,39.63006,76.44664,-13.77771
11.05000,-18.35409,100.39989,39.00200,75.78422,-12.53617
11.06000,-18.14909,100.45670,38.67302,75.12238,-11.42823
11.07000,-18.03490,100.46456,38.66971,74.49171,-10.48563
11.08000,-18.01064,100.41739,39.00482,73.91214,-9.73173
11.09000,-18.07385,100.31139,39.67614,73.39209,-9.17969
11.10000,-18.22034,100.14544,40.66685,72.92945,-8.83209
11.11000,-18.44413,99.92121,41.94712,72.51392,-8.68200
11.12000,-18.73775,99.64301,43.47656,72.13013,-8.71486
11.13000,-19.09254,99.31732,45.20734,71.76099,-8.91060
11.14000,-19.49892,98.95217,47.08756,71.39075,-9.24565
11.15000,-19.94674,98.55640,49.06483,71.00762,-9.69465
11.16000,-20.42563,98.13892,51.08968,70.60531,-10.23198
11.17000,-20.92546,97.70798,53.11857,70.18359,-10.83305
11.18000,-21.43671,97.27087,55.11609,69.74747,-11.47532
11.19000,-21.95096,96.83357,57.05638,69.30534,-12.13898
11.20000,-22.46135,96.40091,58.92350,68.86639,-12.80703
11.21000,-22.96302,95.97675,60.71091,68.43803,-13.46523
11.22000,-23.45356,95.56438,62.42031,68.02374,-14.10192
11.23000,-23.93331,95.16685,64.06000,67.62218,-14.70808
11.24000,-24.40555,94.78742,65.64307,67.22711,-15.27772
11.25000,-24.87648,94.42977,67.18552,66.82832,-15.80837
11.26000,-25.35483,94.09816,68.70460,66.41302,-16.30149
11.27000,-25.85120,93.79739,70.21717,65.96736,-16.76235
11.28000,-26.37718,93.53262,71.73852,65.47783,-17.19930
11.29000,-26.94417,93.30898,73.28141,64.93264,-17.62237
11.30000,-27.56226,93.13111,74.85561,64.32285,-18.04158
11.31000,-28.23912,93.00258,76.46779,63.64339,-18.46529
11.32000,-28.97920,92.92530,78.12204,62.89373,-18.89902
11.33000,-29.78320,92.89899,79.82065,62.07817,-19.34495
11.34000,-30.64807,92.92080,81.56510,61.20544,-19.80208
11.35000,-31.56719,92.98506,83.35705,60.28763,-20.26705
11.36000,-32.53076,93.08330,85.19884,59.33862,-20.73524
11.37000,-33.52602,93.20451,87.09351,58.37242,-21.20195
11.38000,-34.53770,93.33573,89.04398,57.40166,-21.66350
11.39000,-35.54846,93.46276,91.05182,56.43647,-22.11812
11.40000,-36.53969,93.57119,93.11539,55.48380,-22.56650
11.41000,-37.49238,93.64742,95.22814,54.54723,-23.01181
11.42000,-38.38811,93.67972,97.37704,53.62723,-23.45930
11.43000,-39.20993,93.65907,99.54170,52.72162,-23.91531
11.44000,-39.94308,93.57987,101.69428,51.82634,-24.38591
11.45000,-40.57532,93.44025,103.80038,50.93617,-24.87541
11.46000,-41.09690,93.24194,105.82070,50.04553,-25.38511
11.47000,-41.50019,92.98987,107.71323,49.14920,-25.91250
11.48000,-41.77920,92.69138,109.43558,48.24322,-26.45107
11.49000,-41.92906,92.35542,110.94703,47.32584,-26.99075
11.50000,-41.94602,91.99175,112.20996,46.39886,-27.51900
11.51000,-41.82777,91.61038,113.19057,45.46903,-28.02246
11.52000,-41.57439,91.22133,113.85905,44.54951,-28.48891
11.53000,-41.18969,90.83475,114.18929,43.66072,-28.90915
11.54000,-40.68262,90.46130,114.15868,42.83030,-29.27850
11.55000,-40.06855,90.11256,113.74820,42.09164,-29.59735
11.56000,-39.36999,89.80125,112.94303,41.48126,-29.87076
11.57000,-38.61642,89.54135,111.73386,41.03523,-30.10727
11.58000,-37.84315,89.34772,110.11874,40.78543,-30.31727
11.59000,-37.08911,89.23547,108.10529,40.75625,-30.51136
11.60000,-36.39365,89.21893,105.71298,40.96241,-30.69881
11.61000,-35.79280,89.31047,102.97465,41.40810,-30.88632
11.62000,-35.31532,89.51914,99.93708,42.08790,-31.07698
11.63000,-34.97925,89.84923,96.66003,42.98888,-31.26978
11.64000,-34.78963,90.29907,93.21361,44.09350,-31.45932
11.65000,-34.73788,90.86032,89.67450,45.38214,-31.63622
11.66000,-34.80281,91.51780,86.12157,46.83447,-31.78801
11.67000,-34.95343,92.25004,82.63138,48.42944,-31.90069
11.68000,-35.15254,93.03056,79.27407,50.14422,-31.96065
11.69000,-35.36073,93.82957,76.10989,51.95306,-31.95648
11.70000,-35.53987,94.61610,73.18609,53.82676,-31.88019
11.71000,-35.65600,95.36016,70.53463,55.73324,-31.72766
11.72000,-35.68133,96.03497,68.17073,57.63899,-31.49848
11.73000,-35.59570,96.61884,66.09265,59.51125,-31.19531
11.74000,-35.38727,97.09678,64.28291,61.32046,-30.82310
11.75000,-35.05250,97.46131,62.71082,63.04253,-30.38834
11.76000,-34.59547,97.71278,61.33595,64.66053,-29.89830
11.77000,-34.02658,97.85884,60.11217,66.16541,-29.36023
11.78000,-33.36093,97.91347,58.99164,67.55554,-28.78060
11.79000,-32.61649,97.89542,57.92828,68.83510,-28.16423
11.80000,-31.81245,97.82655,56.88066,70.01157,-27.51365
11.81000,-30.96773,97.73004,55.81393,71.09298,-26.82870
11.82000,-30.09995,97.62875,54.70110,72.08528,-26.10655
11.83000,-29.22488,97.54366,53.52339,72.99036,-25.34213
11.84000,-28.35615,97.49273,52.27024,73.80493,-24.52885
11.85000,-27.50531,97.48997,50.93888,74.52044,-23.65954
11.86000,-26.68210,97.54498,49.53382,75.12386,-22.72741
11.87000,-25.89469,97.66283,48.06648,75.59942,-21.72710
11.88000,-25.14999,97.84418,46.55505,75.93108,-20.65578
11.89000,-24.45386,98.08556,45.02447,76.10546,-19.51420
11.90000,-23.81125,98.37981,43.50652,76.11492,-18.30784
11.91000,-23.22625,98.71648,42.03973,75.96038,-17.04794
11.92000,-22.70199,99.08222,40.66873,75.65327,-15.75234
11.93000,-22.24052,99.46141,39.44286,75.21626,-14.44580
11.94000,-21.84281,99.83663,38.41389,74.68223,-13.15961
11.95000,-21.50868,100.18940,37.63278,74.09156,-11.93010
11.96000,-21.23692,100.50098,37.14589,73.48777,-10.79617
11.97000,-21.02528,100.75333,36.99092,72.91236,-9.79593
11.98000,-20.87051,100.93007,37.19338,72.39982,-8.96318
11.99000,-20.76850,101.01760,37.76380,71.97368,-8.32416
12.00000,-20.71448,101.00607,38.69637,71.64439,-7.89541
12.01000,-20.70349,100.89014,39.96880,71.40914,-7.68283
12.02000,-20.73108,100.66949,41.54364,71.25362,-7.68209
12.03000,-20.79386,100.34891,43.37082,71.15508,-7.87977
12.04000,-20.88994,99.93796,45.39121,71.08605,-8.25504
12.05000,-21.01896,99.45032,47.54114,71.01812,-8.78137
12.06000,-21.18170,98.90276,49.75723,70.92518,-9.42848
12.07000,-21.37959,98.31392,51.98103,70.78575,-10.16426
12.08000,-21.61403,97.70299,54.16298,70.58440,-10.95691
12.09000,-21.88593,97.08851,56.26511,70.31227,-11.77708
12.10000,-22.19546,96.48734,58.26240,69.96696,-12.59981
12.11000,-22.54212,95.91394,60.14257,69.55173,-13.40596
12.12000,-22.92502,95.37994,61.90474,69.07436,-14.18298
12.13000,-23.34336,94.89406,63.55706,68.54565,-14.92489
12.14000,-23.79684,94.46219,65.11399,67.97778,-15.63154
12.15000,-24.28597,94.08768,66.59340,67.38277,-16.30738
12.16000,-24.81207,93.77178,68.01406,66.77122,-16.96000
12.17000,-25.37711,93.51403,69.39361,66.15137,-17.59853
12.18000,-25.98321,93.31267,70.74722,65.52859,-18.23223
12.19000,-26.63214,93.16498,72.08694,64.90532,-18.86931
12.20000,-27.32466,93.06754,73.42171,64.28122,-19.51603
12.21000,-28.06012,93.01633,74.75785,63.65358,-20.17607
12.22000,-28.83629,93.00673,76.09987,63.01769,-20.85021
12.23000,-29.64953,93.03354,77.45151,62.36741,-21.53607
12.24000,-30.49522,93.09083,78.81667,61.69581,-22.22820
12.25000,-31.36804,93.17190,80.20020,60.99604,-22.91841
12.26000,-32.26208,93.26923,81.60830,60.26237,-23.59642
12.27000,-33.17072,93.37450,83.04853,59.49120,-24.25087
12.28000,-34.08634,93.47877,84.52939,58.68161,-24.87065
12.29000,-35.00016,93.57272,86.05948,57.83545,-25.44613
12.30000,-35.90223,93.64700,87.64639,56.95671,-25.97022
12.31000,-36.78162,93.69265,89.29536,56.05042,-26.43899
12.32000,-37.62686,93.70173,91.00791,55.12122,-26.85185
12.33000,-38.42650,93.66778,92.78064,54.17237,-27.21127
12.34000,-39.16966,93.58638,94.60430,53.20518,-27.52239
12.35000,-39.84649,93.45542,96.46341,52.21938,-27.79243
12.36000,-40.44827,93.27525,98.33621,51.21414,-28.02994
12.37000,-40.96740,93.04848,100.19522,50.18954,-28.24400
12.38000,-41.39697,92.77970,102.00809,49.14814,-28.44326
12.39000,-41.73031,92.47486,103.73884,48.09618,-28.63505
12.40000,-41.96059,92.14081,105.34913,47.04427,-28.82460
12.41000,-42.08065,91.78481,106.79945,46.00733,-29.01466
12.42000,-42.08335,91.41428,108.05019,45.00394,-29.20550
12.43000,-41.96248,91.03674,109.06238,44.05521,-29.39535
12.44000,-41.71407,90.66004,109.79854,43.18352,-29.58123
12.45000,-41.33808,90.29272,110.22341,42.41134,-29.75984
12.46000,-40.84013,89.94450,110.30502,41.76043,-29.92843
12.47000,-40.23286,89.62663,110.01611,41.25122,-30.08543
12.48000,-39.53683,89.35197,109.33604,40.90240,-30.23082
12.49000,-38.78035,89.13477,108.25297,40.73037,-30.36638
12.50000,-37.99839,88.98998,106.76620,40.74835,-30.49580
12.51000,-37.23041,88.93230,104.88813,40.96538,-30.62461
12.52000,-36.51725,88.97485,102.64523,41.38538,-30.75977
12.53000,-35.89735,89.12776,100.07786,42.00674,-30.90868
12.54000,-35.40275,89.39676,97.23851,42.82277,-31.07776
12.55000,-35.05537,89.78174,94.18893,43.82268,-31.27073
12.56000,-34.86415,90.27586,90.99643,44.99281,-31.48696
12.57000,-34.82369,90.86514,87.73005,46.31731,-31.72041
12.58000,-34.91458,91.52883,84.45714,47.77789,-31.95951
12.59000,-35.10560,92.24069,81.24038,49.35276,-32.18821
12.60000,-35.35726,92.97077,78.13556,51.01554,-32.38794
12.61000,-35.62589,93.68775,75.18980,52.73497,-32.53999
12.62000,-35.86759,94.36129,72.43991,54.47626,-32.62752
12.63000,-36.04160,94.96436,69.91086,56.20397,-32.63688
12.64000,-36.11287,95.47510,67.61460,57.88570,-32.55818
12.65000,-36.05392,95.87839,65.54976,59.49567,-32.38527
12.66000,-35.84609,96.16665,63.70248,61.01706,-32.11535
12.67000,-35.47991,96.34010,62.04846,62.44287,-31.74825
12.68000,-34.95490,96.40630,60.55595,63.77499,-31.28568
12.69000,-34.27870,96.37917,59.18913,65.02219,-30.73049
12.70000,-33.46589,96.27763,57.91143,66.19724,-30.08599
12.71000,-32.53648,96.12400,56.68835,67.31399,-29.35559
12.72000,-31.51451,95.94231,55.48938,68.38456,-28.54260
12.73000,-30.42657,95.75674,54.28919,69.41698,-27.65016
12.74000,-29.30055,95.59021,53.06797,70.41347,-26.68137
12.75000,-28.16441,95.46332,51.81120,71.36948,-25.63942
12.76000,-27.04500,95.39354,50.50932,72.27366,-24.52785
12.77000,-25.96701,95.39471,49.15748,73.10870,-23.35103
12.78000,-24.95207,95.47662,47.75575,73.85309,-22.11479
12.79000,-24.01792,95.64475,46.30984,74.48359,-20.82730
12.80000,-23.17787,95.89989,44.83220,74.97803,-19.49994
12.81000,-22.44051,96.23775,43.34317,75.31838,-18.14796
12.82000,-21.80952,96.64852,41.87182,75.49346,-16.79085
12.83000,-21.28394,97.11667,40.45604,75.50112,-15.45213
12.84000,-20.85851,97.62093,39.14167,75.34950,-14.15865
12.85000,-20.52443,98.13499,37.98052,75.05688,-12.93925
12.86000,-20.27027,98.62860,37.02750,74.65018,-11.82289
12.87000,-20.08307,99.06956,36.33670,74.16223,-10.83625
12.88000,-19.94946,99.42613,35.95708,73.62817,-10.00109
12.89000,-19.85660,99.66962,35.92804,73.08155,-9.33212
12.90000,-19.79311,99.77708,36.27544,72.55087,-8.83566
12.91000,-19.74970,99.73335,37.00858,72.05681,-8.50961
12.92000,-19.71977,99.53244,38.11845,71.61058,-8.34454
12.93000,-19.69963,99.17806,39.57733,71.21364,-8.32541
12.94000,-19.68857,98.68313,41.33996,70.85861,-8.43358
12.95000,-19.68848,98.06852,43.34635,70.53139,-8.64862
12.96000,-19.70338,97.36115,45.52592,70.21401,-8.94980
12.97000,-19.73854,96.59155,47.80266,69.88810,-9.31711
12.98000,-19.79971,95.79138,50.10071,69.53796,-9.73191
12.99000,-19.89219,94.99097,52.34976,69.15313,-10.17715
13.00000,-20.02006,94.21716,54.48970,68.72977,-10.63740
13.01000,-20.18563,93.49182,56.47414,68.27088,-11.09867
13.02000,-20.38915,92.83088,58.27256,67.78535,-11.54845
13.03000,-20.62875,92.24403,59.87082,67.28620,-11.97583
13.04000,-20.90076,91.73501,61.27036,66.78829,-12.37183
13.05000,-21.20015,91.30220,62.48599,66.30612,-12.72991
13.06000,-21.52117,90.93970,63.54285,65.85197,-13.04647
13.07000,-21.85806,90.63853,64.47285,65.43457,-13.32113
13.08000,-22.20580,90.38787,65.31110,65.05846,-13.55682
13.09000,-22.56067,90.17640,66.09275,64.72401,-13.75942
13.10000,-22.92070,89.99332,66.85025,64.42787,-13.93715
13.11000,-23.28578,89.82922,67.61163,64.16376,-14.09972
13.12000,-23.65751,89.67665,68.39937,63.92334,-14.25744
13.13000,-24.03870,89.53029,69.23016,63.69717,-14.42035
13.14000,-24.43278,89.38695,70.11522,63.47536,-14.59760
13.15000,-24.84304,89.24524,71.06103,63.24814,-14.79711
13.16000,-25.27202,89.10511,72.07037,63.00608,-15.02538
13.17000,-25.72104,88.96729,73.14336,62.74008,-15.28765
13.18000,-26.19006,88.83283,74.27837,62.44108,-15.58806
13.19000,-26.67765,88.70272,75.47278,62.09973,-15.92983
13.20000,-27.18128,88.57755,76.72339,61.70594,-16.31530
13.21000,-27.69756,88.45747,78.02667,61.24878,-16.74588
13.22000,-28.22259,88.34211,79.37887,60.71656,-17.22180
13.23000,-28.75220,88.23069,80.77592,60.09748,-17.74190
13.24000,-29.28224,88.12205,82.21352,59.38066,-18.30337
13.25000,-29.80870,88.01481,83.68705,58.55770,-18.90162
13.26000,-30.32791,87.90755,85.19165,57.62436,-19.53017
13.27000,-30.83653,87.79893,86.72226,56.58249,-20.18075
13.28000,-31.33162,87.68787,88.27366,55.44159,-20.84343
13.29000,-31.81054,87.57366,89.84049,54.22008,-21.50707
13.30000,-32.27082,87.45599,91.41726,52.94554,-22.15994
13.31000,-32.71000,87.33492,92.99812,51.65400,-22.79066
13.32000,-33.12532,87.21075,94.57673,50.38784,-23.38913
13.33000,-33.51341,87.08381,96.14575,49.19252,-23.94748
13.34000,-33.86985,86.95414,97.69634,48.11229,-24.46087
13.35000,-34.18895,86.82133,99.21738,47.18556,-24.92779
13.36000,-34.46359,86.68439,100.69460,46.44073,-25.35003
13.37000,-34.68548,86.54181,102.10989,45.89300,-25.73219
13.38000,-34.84559,86.39176,103.44074,45.54294,-26.08088
13.39000,-34.93489,86.23252,104.66016,45.37696,-26.40372
13.40000,-34.94522,86.06296,105.73718,45.36958,-26.70823
13.41000,-34.87013,85.88309,106.63795,45.48705,-27.00082
13.42000,-34.70573,85.69447,107.32747,45.69181,-27.28603
13.43000,-34.45126,85.50065,107.77164,45.94701,-27.56611
13.44000,-34.10963,85.30724,107.93948,46.22073,-27.84089
13.45000,-33.68754,85.12192,107.80516,46.48932,-28.10792
13.46000,-33.19553,84.95420,107.34993,46.73954,-28.36263
13.47000,-32.64765,84.81494,106.56372,46.96957,-28.59883
13.48000,-32.06088,84.71575,105.44643,47.18846,-28.80926
13.49000,-31.45429,84.66821,104.00890,47.41420,-28.98658
13.50000,-30.84790,84.68295,102.27316,47.67057,-29.12444
13.51000,-30.26125,84.76878,100.27196,47.98325,-29.21851
13.52000,-29.71196,84.93169,98.04723,48.37603,-29.26715
13.53000,-29.21416,85.17400,95.64773,48.86782,-29.27152
13.54000,-28.77720,85.49371,93.12588,49.47092,-29.23510
13.55000,-28.40484,85.88404,90.53431,50.19062,-29.16264
13.56000,-28.09483,86.33359,87.92242,51.02563,-29.05897
13.57000,-27.83939,86.82680,85.33343,51.96897,-28.92797
13.58000,-27.62610,87.34503,82.80239,53.00865,-28.77184
13.59000,-27.43942,87.86796,80.35526,54.12820,-28.59107
13.60000,-27.26238,88.37517,78.00889,55.30723,-28.38459
13.61000,-27.07822,88.84787,75.77180,56.52240,-28.15028
13.62000,-26.87185,89.27032,73.64551,57.74906,-27.88528
13.63000,-26.63087,89.63087,71.62595,58.96338,-27.58639
13.64000,-26.34617,89.92264,69.70516,60.14454,-27.25023
13.65000,-26.01230,90.14352,67.87290,61.27654,-26.87363
13.66000,-25.62752,90.29591,66.11826,62.34918,-26.45393
13.67000,-25.19375,90.38609,64.43111,63.35817,-25.98939
13.68000,-24.71635,90.42341,62.80333,64.30431,-25.47954
13.69000,-24.20381,90.41945,61.22953,65.19207,-24.92540
13.70000,-23.66725,90.38720,59.70760,66.02781,-24.32952
13.71000,-23.11983,90.34026,58.23878,66.81795,-23.69587
13.72000,-22.57606,90.29210,56.82754,67.56735,-23.02962
13.73000,-22.05095,90.25531,55.48133,68.27808,-22.33691
13.74000,-21.55918,90.24099,54.21019,68.94873,-21.62458
13.75000,-21.11416,90.25803,53.02623,69.57444,-20.89994
13.76000,-20.72720,90.31261,51.94305,70.14755,-20.17060
13.77000,-20.40675,90.40774,50.97499,70.65894,-19.44452
13.78000,-20.15787,90.54293,50.13643,71.09957,-18.73008
13.79000,-19.98197,90.71419,49.44094,71.46216,-18.03639
13.80000,-19.87679,90.91416,48.90061,71.74239,-17.37344
13.81000,-19.83682,91.13259,48.52504,71.93970,-16.75204
13.82000,-19.85383,91.35705,48.32050,72.05715,-16.18339
13.83000,-19.91763,91.57384,48.28889,72.10086,-15.67832
13.84000,-20.01687,91.76904,48.42718,72.07891,-15.24629
13.85000,-20.13981,91.92943,48.72701,72.00019,-14.89449
13.86000,-20.27514,92.04349,49.17500,71.87343,-14.62707
13.87000,-20.41255,92.10207,49.75340,71.70667,-14.44466
13.88000,-20.54332,92.09892,50.44111,71.50722,-14.34420
13.89000,-20.66066,92.03096,51.21497,71.28193,-14.31902
13.90000,-20.76000,91.89834,52.05097,71.03778,-14.35920
13.91000,-20.83902,91.70422,52.92552,70.78239,-14.45229
13.92000,-20.89752,91.45446,53.81652,70.52424,-14.58400
13.93000,-20.93705,91.15710,54.70427,70.27267,-14.73921
13.94000,-20.96044,90.82179,55.57215,70.03732,-14.90290
13.95000,-20.97114,90.45918,56.40710,69.82748,-15.06116
13.96000,-20.97265,90.08025,57.19974,69.65115,-15.20216
13.97000,-20.96802,89.69582,57.94423,69.51434,-15.31695
13.98000,-20.95956,89.31594,58.63780,69.42043,-15.39996
13.99000,-20.94871,88.94954,59.28012,69.36981,-15.44926
14.00000,-20.93616,88.60406,59.87244,69.35997,-15.46634
14.01000,-20.92205,88.28529,60.41681,69.38564,-15.45560
14.02000,-20.90630,87.99726,60.91537,69.43945,-15.42356
14.03000,-20.88886,87.74236,61.36985,69.51263,-15.37790
14.04000,-20.86991,87.52141,61.78129,69.59584,-15.32644
14.05000,-20.84994,87.33383,62.14999,69.68005,-15.27624
14.06000,-20.82964,87.17793,62.47564,69.75712,-15.23293
14.07000,-20.80974,87.05107,62.75755,69.82029,-15.20023
14.08000,-20.79084,86.94995,62.99503,69.86445,-15.17980
14.09000,-20.77322,86.87080,63.18764,69.88632,-15.17136
14.10000,-20.75677,86.80968,63.33540,69.88447,-15.17295
14.11000,-20.74100,86.76266,63.43887,69.85921,-15.18144
14.12000,-20.72512,86.72604,63.49909,69.81253,-15.19305
14.13000,-20.70824,86.69665,63.51754,69.74774,-15.20378
14.14000,-20.68950,86.67187,63.49602,69.66924,-15.20993
14.15000,-20.66835,86.64986,63.43671,69.58202,-15.20837
14.16000,-20.64468,86.62955,63.34231,69.49120,-15.19686
14.17000,-20.61888,86.61065,63.21617,69.40148,-15.17419
14.18000,-20.59187,86.59346,63.06254,69.31663,-15.14022
14.19000,-20.56493,86.57877,62.88660,69.23927,-15.09583
14.20000,-20.53955,86.56763,62.69441,69.17081,-15.04267
14.21000,-20.51724,86.56113,62.49259,69.11178,-14.98283
14.22000,-20.49938,86.56025,62.28803,69.06220,-14.91846
14.23000,-20.48709,86.56569,62.08746,69.02204,-14.85139
14.24000,-20.48119,86.57777,61.89716,68.99137,-14.78287
14.25000,-20.48203,86.59635,61.72266,68.97045,-14.71350
14.26000,-20.48949,86.62083,61.56857,68.95956,-14.64337
14.27000,-20.50292,86.65009,61.43835,68.95887,-14.57235
14.28000,-20.52114,86.68262,61.33418,68.96825,-14.50046
14.29000,-20.54258,86.71650,61.25676,68.98734,-14.42809
14.30000,-20.56545,86.74963,61.20519,69.01548,-14.35624
14.31000,-20.58795,86.77982,61.17688,69.05177,-14.28644
14.32000,-20.60848,86.80501,61.16758,69.09511,-14.22065
14.33000,-20.62579,86.82333,61.17152,69.14419,-14.16098
14.34000,-20.63901,86.83325,61.18172,69.19772,-14.10936
14.35000,-20.64764,86.83360,61.19035,69.25457,-14.06724
14.36000,-20.65133,86.82355,61.18939,69.31411,-14.03549
14.37000,-20.64977,86.80268,61.17114,69.37643,-14.01424
14.38000,-20.64244,86.77088,61.12887,69.44247,-14.00297
14.39000,-20.62850,86.72843,61.05729,69.51394,-14.00050
14.40000,-20.60670,86.67599,60.95282,69.59308,-14.00502
14.41000,-20.57542,86.61461,60.81382,69.68235,-14.01425
14.42000,-20.53276,86.54572,60.64057,69.78395,-14.02556
14.43000,-20.47677,86.47117,60.43517,69.89949,-14.03626
14.44000,-20.40568,86.39314,60.20133,70.02969,-14.04390
14.45000,-20.31813,86.31415,59.94420,70.17418,-14.04657
14.46000,-20.21349,86.23695,59.66996,70.33150,-14.04310
14.47000,-20.09192,86.16448,59.38556,70.49926,-14.03317
14.48000,-19.95446,86.09972,59.09826,70.67436,-14.01732
14.49000,-19.80292,86.04556,58.81518,70.85345,-13.99681
14.50000,-19.63965,86.00465,58.54281,71.03320,-13.97340
14.51000,-19.46731,85.97923,58.28653,71.21071,-13.94904
14.52000,-19.28863,85.97099,58.05016,71.38370,-13.92556
14.53000,-19.10630,85.98095,57.83574,71.55061,-13.90442
14.54000,-18.92290,86.00950,57.64349,71.71054,-13.88668
14.55000,-18.74104,86.05639,57.47202,71.86317,-13.87301
14.56000,-18.56348,86.12086,57.31871,72.00859,-13.86379
14.57000,-18.39327,86.20177,57.18020,72.14715,-13.85926
14.58000,-18.23380,86.29762,57.05292,72.27930,-13.85960
14.59000,-18.08874,86.40665,56.93354,72.40550,-13.86499
14.60000,-17.96183,86.52681,56.81939,72.52617,-13.87556
14.61000,-17.85655,86.65570,56.70857,72.64164,-13.89143
14.62000,-17.77569,86.79058,56.59996,72.75223,-13.91256
14.63000,-17.72091,86.92825,56.49302,72.85829,-13.93873
14.64000,-17.69237,87.06516,56.38745,72.96027,-13.96947
14.65000,-17.68856,87.19740,56.28289,73.05863,-14.00404
14.66000,-17.70628,87.32097,56.17857,73.15379,-14.04138
14.67000,-17.74079,87.43193,56.07318,73.24587,-14.08013
14.68000,-17.78624,87.52676,55.96481,73.33458,-14.11856
14.69000,-17.83606,87.60263,55.85109,73.41908,-14.15455
14.70000,-17.88354,87.65769,55.72943,73.49790,-14.18563
14.71000,-17.92223,87.69132,55.59736,73.56903,-14.20903
14.72000,-17.94638,87.70431,55.45285,73.62998,-14.22175
14.73000,-17.95120,87.69889,55.29458,73.67805,-14.22072
14.74000,-17.93299,87.67880,55.12200,73.71066,-14.20296
14.75000,-17.88913,87.64909,54.93531,73.72573,-14.16569
14.76000,-17.81794,87.61598,54.73526,73.72232,-14.10657
14.77000,-17.71848,87.58656,54.52277,73.70111,-14.02394
14.78000,-17.59039,87.56843,54.29855,73.66493,-13.91712
14.79000,-17.43369,87.56940,54.06268,73.61913,-13.78671
14.80000,-17.24876,87.59709,53.81436,73.57166,-13.63487
14.81000,-17.03642,87.65857,53.55171,73.53272,-13.46546
14.82000,-16.79816,87.76004,53.27188,73.51410,-13.28396
14.83000,-16.53637,87.90653,52.97132,73.52792,-13.09721
14.84000,-16.25469,88.10165,52.64632,73.58527,-12.91282
14.85000,-15.95810,88.34735,52.29365,73.69471,-12.73845
14.86000,-15.65288,88.64371,51.91135,73.86101,-12.58100
14.87000,-15.34630,88.98885,51.49943,74.08434,-12.44589
14.88000,-15.04617,89.37878,51.06054,74.35996,-12.33666
14.89000,-14.76018,89.80749,50.60036,74.67852,-12.25481
14.90000,-14.49533,90.26710,50.12761,75.02688,-12.19999
14.91000,-14.25744,90.74809,49.65366,75.38938,-12.17031
14.92000,-14.05081,91.23981,49.19172,75.74937,-12.16273
14.93000,-13.87806,91.73093,48.75563,76.09084,-12.17353
14.94000,-13.74023,92.21003,48.35858,76.39982,-12.19862
14.95000,-13.63687,92.66619,48.01183,76.66550,-12.23393
14.96000,-13.56631,93.08955,47.72360,76.88102,-12.27568
14.97000,-13.52583,93.47174,47.49842,77.04372,-12.32065
14.98000,-13.51201,93.80631,47.33681,77.15507,-12.36645
14.99000,-13.52091,94.08892,47.23541,77.22015,-12.41159
15.00000,-13.54842,94.31746,47.18744,77.24677,-12.45547
15.01000,-13.59045,94.49200,47.18344,77.24424,-12.49817
15.02000,-13.64328,94.61466,47.21224,77.22211,-12.53999
15.03000,-13.70368,94.68932,47.26202,77.18904,-12.58115
15.04000,-13.76914,94.72131,47.32138,77.15197,-12.62136
15.05000,-13.83795,94.71703,47.38040,77.11564,-12.65959
15.06000,-13.90916,94.68353,47.43134,77.08250,-12.69397
15.07000,-13.98253,94.62817,47.46906,77.05287,-12.72178
15.08000,-14.05833,94.55817,47.49113,77.02534,-12.73950
15.09000,-14.13719,94.48033,47.49751,76.99727,-12.74307
15.10000,-14.21980,94.40069,47.49010,76.96537,-12.72812
15.11000,-14.30679,94.32432,47.47214,76.92636,-12.69038
15.12000,-14.39850,94.25517,47.44755,76.87751,-12.62612
15.13000,-14.49484,94.19592,47.42039,76.81710,-12.53253
15.14000,-14.59520,94.14809,47.39436,76.74467,-12.40809
15.15000,-14.69841,94.11201,47.37248,76.66115,-12.25283
15.16000,-14.80278,94.08703,47.35681,76.56876,-12.06831
15.17000,-14.90616,94.07164,47.34836,76.47071,-11.85751
15.18000,-15.00611,94.06377,47.34709,76.37080,-11.62457
15.19000,-15.10011,94.06097,47.35203,76.27296,-11.37440
15.20000,-15.18579,94.06062,47.36144,76.18082,-11.11230
15.21000,-15.26113,94.06020,47.37315,76.09734,-10.84371
15.22000,-15.32471,94.05741,47.38488,76.02470,-10.57389
15.23000,-15.37580,94.05038,47.39454,75.96420,-10.30780
15.24000,-15.41445,94.03772,47.40049,75.91638,-10.05002
15.25000,-15.44142,94.01859,47.40170,75.88124,-9.80464
15.26000,-15.45813,93.99275,47.39774,75.85839,-9.57526
15.27000,-15.46650,93.96053,47.38877,75.84726,-9.36492
15.28000,-15.46881,93.92273,47.37543,75.84718,-9.17610
15.29000,-15.46760,93.88055,47.35873,75.85751,-9.01062
15.30000,-15.46558,93.83543,47.33995,75.87750,-8.86964
15.31000,-15.46556,93.78886,47.32068,75.90622,-8.75358
15.32000,-15.47043,93.74221,47.30278,75.94237,-8.66211
15.33000,-15.48308,93.69658,47.28852,75.98423,-8.59420
15.34000,-15.50632,93.65262,47.28066,76.02957,-8.54825
15.35000,-15.54276,93.61052,47.28258,76.07572,-8.52236
15.36000,-15.59477,93.56998,47.29832,76.11963,-8.51457
15.37000,-15.66440,93.53028,47.33259,76.15802,-8.52325
15.38000,-15.75336,93.49045,47.39065,76.18753,-8.54733
15.39000,-15.86302,93.44935,47.47809,76.20484,-8.58642
15.40000,-15.99445,93.40586,47.60055,76.20686,-8.64084
15.41000,-16.14835,93.35899,47.76333,76.19082,-8.71141
15.42000,-16.32499,93.30788,47.97109,76.15450,-8.79933
15.43000,-16.52415,93.25187,48.22758,76.09632,-8.90586
15.44000,-16.74500,93.19038,48.53548,76.01553,-9.03218
15.45000,-16.98605,93.12280,48.89633,75.91225,-9.17928
15.46000,-17.24512,93.04845,49.31057,75.78756,-9.34790
15.47000,-17.51939,92.96641,49.77756,75.64339,-9.53853
15.48000,-17.80549,92.87556,50.29563,75.48238,-9.75136
15.49000,-18.09963,92.77462,50.86217,75.30764,-9.98632
15.50000,-18.39768,92.66218,51.47366,75.12247,-10.24297
15.51000,-18.69533,92.53680,52.12569,74.93002,-10.52037
15.52000,-18.98808,92.39706,52.81310,74.73307,-10.81700
15.53000,-19.27132,92.24164,53.53011,74.53385,-11.13062
15.54000,-19.54034,92.06935,54.27047,74.33395,-11.45823
15.55000,-19.79039,91.87921,55.02773,74.13430,-11.79620
15.56000,-20.01680,91.67051,55.79536,73.93522,-12.14040
15.57000,-20.21511,91.44293,56.56687,73.73656,-12.48645
15.58000,-20.38126,91.19663,57.33578,73.53778,-12.82993
15.59000,-20.51172,90.93233,58.09554,73.33810,-13.16661
15.60000,-20.60375,90.65141,58.83950,73.13652,-13.49257
15.61000,-20.65545,90.35596,59.56088,72.93188,-13.80442
15.62000,-20.66604,90.04874,60.25277,72.72287,-14.09936
15.63000,-20.63592,89.73331,60.90824,72.50803,-14.37540
15.64000,-20.56684,89.41383,61.52045,72.28571,-14.63149
15.65000,-20.46203,89.09514,62.08279,72.05405,-14.86762
15.66000,-20.32619,88.78259,62.58908,71.81095,-15.08497
15.67000,-20.16550,88.48193,63.03366,71.55402,-15.28587
15.68000,-19.98750,88.19906,63.41158,71.28067,-15.47374
15.69000,-19.80088,87.93983,63.71872,70.98831,-15.65294
15.70000,-19.61516,87.70975,63.95198,70.67478,-15.82848
15.71000,-19.44025,87.51367,64.10944,70.33895,-16.00558
15.72000,-19.28599,87.35544,64.19056,69.98142,-16.18919
15.73000,-19.16151,87.23767,64.19632,69.60538,-16.38345
15.74000,-19.07468,87.16145,64.12936,69.21716,-16.59101
15.75000,-19.03145,87.12618,63.99399,68.82661,-16.81248
15.76000,-19.03543,87.12953,63.79623,68.44685,-17.04605
15.77000,-19.08752,87.16750,63.54372,68.09315,-17.28732
15.78000,-19.18583,87.23466,63.24557,67.78136,-17.52971
15.79000,-19.32585,87.32449,62.91218,67.52578,-17.76504
15.80000,-19.50083,87.42991,62.55483,67.33714,-17.98449
15.81000,-19.70250,87.54374,62.18515,67.22112,-18.17948
15.82000,-19.92189,87.65926,61.81437,67.17767,-18.34248
15.83000,-20.15017,87.77056,61.45261,67.20124,-18.46766
15.84000,-20.37945,87.87291,61.10819,67.28183,-18.55135
15.85000,-20.60341,87.96276,60.78710,67.40650,-18.59219
15.86000,-20.81754,88.03785,60.49276,67.56118,-18.59119
15.87000,-21.01925,88.09698,60.22602,67.73230,-18.55144
15.88000,-21.20758,88.13985,59.98540,67.90813,-18.47776
15.89000,-21.38285,88.16679,59.76752,68.07954,-18.37608
15.90000,-21.54612,88.17851,59.56771,68.24039,-18.25290
15.91000,-21.69867,88.17594,59.38066,68.38729,-18.11466
15.92000,-21.84161,88.16009,59.20105,68.51922,-17.96725
15.93000,-21.97560,88.13199,59.02416,68.63692,-17.81563
15.94000,-22.10071,88.09274,58.84623,68.74229,-17.66361
15.95000,-22.21650,88.04359,58.66474,68.83791,-17.51382
15.96000,-22.32215,87.98598,58.47848,68.92661,-17.36780
15.97000,-22.41670,87.92170,58.28744,69.01125,-17.22621
15.98000,-22.49919,87.85282,58.09264,69.09451,-17.08908
15.99000,-22.56891,87.78176,57.89577,69.17880,-16.95609
16.00000,-22.62544,87.71120,57.69895,69.26614,-16.82680
16.01000,-22.66882,87.64394,57.50428,69.35809,-16.70077
16.02000,-22.69954,87.58272,57.31366,69.45568,-16.57771
16.03000,-22.71858,87.53009,57.12848,69.55946,-16.45743
16.04000,-22.72732,87.48819,56.94955,69.66945,-16.33985
16.05000,-22.72744,87.45863,56.77703,69.78528,-16.22492
16.06000,-22.72077,87.44238,56.61053,69.90637,-16.11262
16.07000,-22.70907,87.43978,56.44913,70.03209,-16.00289
16.08000,-22.69388,87.45058,56.29154,70.16187,-15.89562
16.09000,-22.67636,87.47397,56.13622,70.29536,-15.79067
16.10000,-22.65725,87.50869,55.98148,70.43243,-15.68789
16.11000,-22.63685,87.55316,55.82561,70.57314,-15.58708
16.12000,-22.61509,87.60558,55.66702,70.71770,-15.48810
16.13000,-22.59166,87.66402,55.50433,70.86635,-15.39090
16.14000,-22.56604,87.72649,55.33651,71.01926,-15.29551
16.15000,-22.53768,87.79106,55.16301,71.17648,-15.20211
16.16000,-22.50600,87.85590,54.98378,71.33776,-15.11102
16.17000,-22.47051,87.91932,54.79941,71.50258,-15.02274
16.18000,-22.43084,87.97985,54.61107,71.67002,-14.93788
16.19000,-22.38680,88.03626,54.42056,71.83876,-14.85720
16.20000,-22.33850,88.08761,54.23023,72.00700,-14.78156
16.21000,-22.28642,88.13325,54.04292,72.17245,-14.71186
16.22000,-22.23148,88.17283,53.86184,72.33237,-14.64897
16.23000,-22.17506,88.20632,53.69040,72.48362,-14.59365
16.24000,-22.11895,88.23395,53.53209,72.62293,-14.54646
16.25000,-22.06523,88.25614,53.39015,72.74716,-14.50764
16.26000,-22.01604,88.27345,53.26739,72.85365,-14.47709
16.27000,-21.97332,88.28654,53.16581,72.94062,-14.45432
16.28000,-21.93854,88.29604,53.08638,73.00749,-14.43845
16.29000,-21.91244,88.30257,53.02867,73.05508,-14.42832
16.30000,-21.89484,88.30673,52.99075,73.08561,-14.42254
16.31000,-21.88464,88.30906,52.96918,73.10254,-14.41974
16.32000,-21.87993,88.31012,52.95937,73.11005,-14.41866
16.33000,-21.87843,88.31046,52.95629,73.11237,-14.41838
16.34000,-21.87820,88.31051,52.95581,73.11272,-14.41834
